d_mm,T_wall_nNm,roll_acc_rad_s2,kappa
2.0,4845.864611934057,28379.71576398103,2.0
4.0,5126.622639424788,30023.969918135535,1.62015625
6.0,5188.870046536542,30388.520697479602,1.275625
8.0,5016.882644025929,29381.27968083706,1.1550390625
10.0,4528.382397278352,26520.387092301098,1.0992250000000001
12.0,3675.4138496000296,21524.992693722324,1.06890625
14.0,2532.796786363456,14833.27716335662,1.050625
16.0,1370.524996259989,8026.454091495146,1.038759765625
18.0,691.5760323714369,4050.202141336714,1.030625
20.0,415.0585874070633,2430.782879695572,1.02480625
22.0,275.2603034255486,1612.056835654439,1.0205010330578512
24.0,194.4440826957299,1138.7581455129455,1.0172265625
26.0,143.5764388158615,840.852737396744,1.0146782544378699
28.0,109.59015717795177,641.8127125509959,1.01265625
30.0,85.84720220561779,502.76253936778204,1.011025
32.0,68.67258330469232,402.17970394093174,1.00968994140625
34.0,55.89556584770152,327.3513393911222,1.0085834775086506
36.0,46.16711936490995,270.3768739207521,1.00765625
38.0,38.61372528501015,226.14056230094852,1.006871537396122
40.0,32.65021522696159,191.2153768167604,1.0062015625
