t_ms,pitch_deg,roll_deg,height_mm
0.0000,0.0000,0.0000,50.0000
0.1000,-0.0078,0.0002,49.9997
0.2000,-0.0263,0.0005,49.9990
0.3000,-0.0571,0.0009,49.9978
0.4000,-0.1003,0.0012,49.9963
0.5000,-0.1554,0.0015,49.9944
0.6000,-0.2210,0.0016,49.9922
0.7000,-0.2956,0.0017,49.9897
0.8000,-0.3778,0.0015,49.9869
0.9000,-0.4660,0.0014,49.9840
1.0000,-0.5590,0.0012,49.9808
1.1000,-0.6560,0.0011,49.9775
1.2000,-0.7560,0.0009,49.9740
1.3000,-0.8585,0.0008,49.9704
1.4000,-0.9629,0.0007,49.9667
1.5000,-1.0685,0.0006,49.9629
1.6000,-1.1750,0.0005,49.9590
1.7000,-1.2819,0.0005,49.9550
1.8000,-1.3889,0.0005,49.9510
1.9000,-1.4955,0.0004,49.9469
2.0000,-1.6014,0.0004,49.9428
2.1000,-1.7064,0.0004,49.9386
2.2000,-1.8102,0.0004,49.9344
2.3000,-1.9126,0.0005,49.9302
2.4000,-2.0132,0.0005,49.9259
2.5000,-2.1120,0.0005,49.9217
2.6000,-2.2087,0.0006,49.9175
2.7000,-2.3031,0.0007,49.9133
2.8000,-2.3952,0.0007,49.9092
2.9000,-2.4848,0.0008,49.9051
3.0000,-2.5719,0.0009,49.9010
3.1000,-2.6564,0.0009,49.8971
3.2000,-2.7383,0.0010,49.8932
3.3000,-2.8175,0.0011,49.8894
3.4000,-2.8942,0.0012,49.8858
3.5000,-2.9684,0.0014,49.8822
3.6000,-3.0402,0.0015,49.8788
3.7000,-3.1097,0.0016,49.8756
3.8000,-3.1770,0.0018,49.8725
3.9000,-3.2420,0.0020,49.8695
4.0000,-3.3050,0.0022,49.8667
4.1000,-3.3659,0.0024,49.8640
4.2000,-3.4246,0.0026,49.8615
4.3000,-3.4812,0.0028,49.8591
4.4000,-3.5355,0.0031,49.8568
4.5000,-3.5875,0.0034,49.8546
4.6000,-3.6370,0.0037,49.8525
4.7000,-3.6838,0.0041,49.8505
4.8000,-3.7277,0.0045,49.8485
4.9000,-3.7688,0.0050,49.8466
5.0000,-3.8068,0.0054,49.8447
5.1000,-3.8416,0.0059,49.8428
5.2000,-3.8732,0.0065,49.8408
5.3000,-3.9016,0.0071,49.8389
5.4000,-3.9270,0.0077,49.8369
5.5000,-3.9496,0.0083,49.8348
5.6000,-3.9695,0.0090,49.8327
5.7000,-3.9872,0.0097,49.8305
5.8000,-4.0031,0.0104,49.8282
5.9000,-4.0179,0.0111,49.8259
6.0000,-4.0327,0.0119,49.8236
6.1000,-4.0489,0.0126,49.8212
6.2000,-4.0688,0.0133,49.8189
6.3000,-4.0945,0.0140,49.8168
6.4000,-4.1282,0.0147,49.8147
6.5000,-4.1713,0.0154,49.8129
6.6000,-4.2239,0.0161,49.8112
6.7000,-4.2854,0.0168,49.8098
6.8000,-4.3545,0.0174,49.8085
6.9000,-4.4299,0.0180,49.8074
7.0000,-4.5102,0.0186,49.8065
7.1000,-4.5943,0.0192,49.8057
7.2000,-4.6812,0.0198,49.8051
7.3000,-4.7703,0.0203,49.8047
7.4000,-4.8609,0.0208,49.8044
7.5000,-4.9528,0.0212,49.8044
7.6000,-5.0457,0.0216,49.8046
7.7000,-5.1393,0.0220,49.8050
7.8000,-5.2338,0.0224,49.8057
7.9000,-5.3293,0.0227,49.8066
8.0000,-5.4258,0.0229,49.8078
8.1000,-5.5239,0.0232,49.8094
8.2000,-5.6239,0.0234,49.8113
8.3000,-5.7264,0.0236,49.8134
8.4000,-5.8322,0.0238,49.8160
8.5000,-5.9421,0.0240,49.8188
8.6000,-6.0570,0.0241,49.8220
8.7000,-6.1779,0.0242,49.8255
8.8000,-6.3060,0.0243,49.8293
8.9000,-6.4422,0.0244,49.8334
9.0000,-6.5877,0.0245,49.8379
9.1000,-6.7435,0.0246,49.8426
9.2000,-6.9105,0.0246,49.8476
9.3000,-7.0894,0.0247,49.8529
9.4000,-7.2809,0.0247,49.8584
9.5000,-7.4851,0.0247,49.8641
9.6000,-7.7023,0.0247,49.8700
9.7000,-7.9322,0.0247,49.8762
9.8000,-8.1745,0.0247,49.8824
9.9000,-8.4287,0.0247,49.8888
10.0000,-8.6940,0.0247,49.8953
10.1000,-8.9695,0.0247,49.9019
10.2000,-9.2543,0.0246,49.9086
10.3000,-9.5475,0.0246,49.9153
10.4000,-9.8479,0.0245,49.9220
10.5000,-10.1545,0.0245,49.9287
10.6000,-10.4663,0.0244,49.9353
10.7000,-10.7823,0.0243,49.9419
10.8000,-11.1016,0.0243,49.9485
10.9000,-11.4232,0.0242,49.9549
11.0000,-11.7461,0.0242,49.9613
11.1000,-12.0697,0.0241,49.9676
11.2000,-12.3930,0.0240,49.9739
11.3000,-12.7153,0.0240,49.9800
11.4000,-13.0359,0.0239,49.9861
11.5000,-13.3542,0.0239,49.9921
11.6000,-13.6697,0.0238,49.9980
11.7000,-13.9820,0.0237,50.0038
11.8000,-14.2907,0.0238,50.0097
11.9000,-14.5958,0.0236,50.0154
12.0000,-14.8973,0.0232,50.0211
12.1000,-15.1956,0.0230,50.0268
12.2000,-15.4918,0.0224,50.0324
12.3000,-15.7873,0.0223,50.0380
12.4000,-16.0845,0.0212,50.0434
12.5000,-16.3864,0.0212,50.0486
12.6000,-16.6966,0.0214,50.0536
12.7000,-17.0174,0.0217,50.0582
12.8000,-17.3505,0.0219,50.0626
12.9000,-17.6958,0.0221,50.0666
13.0000,-18.0528,0.0222,50.0703
13.1000,-18.4200,0.0221,50.0737
13.2000,-18.7960,0.0221,50.0768
13.3000,-19.1794,0.0218,50.0796
13.4000,-19.5685,0.0215,50.0822
13.5000,-19.9625,0.0213,50.0844
13.6000,-20.3605,0.0210,50.0864
13.7000,-20.7618,0.0207,50.0880
13.8000,-21.1660,0.0204,50.0893
13.9000,-21.5728,0.0201,50.0902
14.0000,-21.9817,0.0199,50.0908
14.1000,-22.3928,0.0196,50.0910
14.2000,-22.8058,0.0193,50.0908
14.3000,-23.2207,0.0191,50.0902
14.4000,-23.6376,0.0188,50.0891
14.5000,-24.0563,0.0186,50.0877
14.6000,-24.4769,0.0184,50.0858
14.7000,-24.8995,0.0181,50.0835
14.8000,-25.3239,0.0179,50.0809
14.9000,-25.7503,0.0176,50.0780
15.0000,-26.1784,0.0174,50.0748
15.1000,-26.6081,0.0172,50.0714
15.2000,-27.0390,0.0169,50.0679
15.3000,-27.4708,0.0167,50.0643
15.4000,-27.9029,0.0164,50.0608
15.5000,-28.3348,0.0162,50.0575
15.6000,-28.7658,0.0159,50.0544
15.7000,-29.1953,0.0157,50.0516
15.8000,-29.6223,0.0155,50.0494
15.9000,-30.0464,0.0152,50.0477
16.0000,-30.4666,0.0150,50.0467
16.1000,-30.8825,0.0148,50.0465
16.2000,-31.2935,0.0146,50.0472
16.3000,-31.6993,0.0145,50.0488
16.4000,-32.0994,0.0143,50.0514
16.5000,-32.4937,0.0142,50.0552
16.6000,-32.8820,0.0141,50.0600
16.7000,-33.2643,0.0140,50.0660
16.8000,-33.6406,0.0140,50.0731
16.9000,-34.0110,0.0140,50.0813
17.0000,-34.3756,0.0140,50.0907
17.1000,-34.7344,0.0141,50.1010
17.2000,-35.0876,0.0143,50.1124
17.3000,-35.4353,0.0145,50.1247
17.4000,-35.7777,0.0147,50.1379
17.5000,-36.1149,0.0150,50.1519
17.6000,-36.4471,0.0154,50.1665
17.7000,-36.7746,0.0158,50.1818
17.8000,-37.0975,0.0163,50.1976
17.9000,-37.4163,0.0168,50.2139
18.0000,-37.7311,0.0174,50.2305
18.1000,-38.0425,0.0180,50.2475
18.2000,-38.3509,0.0187,50.2647
18.3000,-38.6569,0.0194,50.2822
18.4000,-38.9611,0.0201,50.2998
18.5000,-39.2648,0.0208,50.3177
18.6000,-39.5696,0.0215,50.3357
18.7000,-39.8775,0.0222,50.3540
18.8000,-40.1911,0.0229,50.3725
18.9000,-40.5124,0.0236,50.3913
19.0000,-40.8428,0.0242,50.4105
19.1000,-41.1826,0.0249,50.4301
19.2000,-41.5310,0.0255,50.4500
19.3000,-41.8869,0.0260,50.4702
19.4000,-42.2489,0.0266,50.4908
19.5000,-42.6159,0.0271,50.5118
19.6000,-42.9868,0.0275,50.5333
19.7000,-43.3607,0.0280,50.5552
19.8000,-43.7373,0.0283,50.5776
19.9000,-44.1161,0.0286,50.6007
20.0000,-44.4969,0.0289,50.6244
20.1000,-44.8799,0.0291,50.6488
20.2000,-45.2650,0.0293,50.6740
20.3000,-45.6526,0.0293,50.7000
20.4000,-46.0430,0.0294,50.7268
20.5000,-46.4368,0.0293,50.7545
20.6000,-46.8347,0.0292,50.7831
20.7000,-47.2372,0.0291,50.8126
20.8000,-47.6453,0.0289,50.8429
20.9000,-48.0599,0.0287,50.8741
21.0000,-48.4819,0.0284,50.9060
21.1000,-48.9122,0.0280,50.9386
21.2000,-49.3518,0.0276,50.9718
21.3000,-49.8016,0.0272,51.0055
21.4000,-50.2624,0.0267,51.0395
21.5000,-50.7349,0.0262,51.0738
21.6000,-51.2196,0.0256,51.1081
21.7000,-51.7166,0.0250,51.1424
21.8000,-52.2261,0.0243,51.1763
21.9000,-52.7478,0.0235,51.2099
22.0000,-53.2814,0.0227,51.2429
22.1000,-53.8262,0.0219,51.2752
22.2000,-54.3813,0.0210,51.3066
22.3000,-54.9459,0.0200,51.3370
22.4000,-55.5189,0.0190,51.3662
22.5000,-56.0992,0.0180,51.3942
22.6000,-56.6857,0.0168,51.4208
22.7000,-57.2774,0.0157,51.4460
22.8000,-57.8732,0.0145,51.4698
22.9000,-58.4723,0.0132,51.4921
23.0000,-59.0738,0.0119,51.5129
23.1000,-59.6770,0.0105,51.5323
23.2000,-60.2810,0.0091,51.5502
23.3000,-60.8852,0.0076,51.5668
23.4000,-61.4891,0.0061,51.5822
23.5000,-62.0920,0.0045,51.5963
23.6000,-62.6935,0.0029,51.6094
23.7000,-63.2930,0.0012,51.6215
23.8000,-63.8900,-0.0005,51.6328
23.9000,-64.4842,-0.0023,51.6433
24.0000,-65.0750,-0.0042,51.6532
24.1000,-65.6623,-0.0061,51.6626
24.2000,-66.2456,-0.0083,51.6716
24.3000,-66.8248,-0.0109,51.6803
24.4000,-67.3998,-0.0128,51.6888
24.5000,-67.9710,-0.0134,51.6972
24.6000,-68.5386,-0.0147,51.7055
24.7000,-69.1037,-0.0150,51.7139
24.8000,-69.6679,-0.0138,51.7223
24.9000,-70.2336,-0.0153,51.7307
25.0000,-70.8039,-0.0132,51.7392
25.1000,-71.3821,-0.0105,51.7478
25.2000,-71.9710,-0.0073,51.7564
25.3000,-72.5718,-0.0042,51.7650
25.4000,-73.1847,-0.0012,51.7736
25.5000,-73.8090,0.0017,51.7820
25.6000,-74.4433,0.0040,51.7903
25.7000,-75.0861,0.0063,51.7983
25.8000,-75.7361,0.0077,51.8061
25.9000,-76.3918,0.0090,51.8135
26.0000,-77.0523,0.0103,51.8204
26.1000,-77.7170,0.0112,51.8268
26.2000,-78.3853,0.0119,51.8326
26.3000,-79.0571,0.0123,51.8377
26.4000,-79.7321,0.0123,51.8421
26.5000,-80.4104,0.0117,51.8456
26.6000,-81.0922,0.0105,51.8482
26.7000,-81.7776,0.0086,51.8499
26.8000,-82.4670,0.0058,51.8507
26.9000,-83.1605,0.0018,51.8505
27.0000,-83.8586,-0.0036,51.8494
27.1000,-84.5616,-0.0109,51.8473
27.2000,-85.2698,-0.0211,51.8445
27.3000,-85.9834,-0.0355,51.8409
27.4000,-86.7025,-0.0568,51.8367
27.5000,-87.4270,-0.0910,51.8320
27.6000,-88.1567,-0.1533,51.8270
27.7000,-88.8911,-0.2996,51.8218
27.8000,-89.6295,-1.0339,51.8167
27.9000,-90.3711,-178.8288,51.8119
28.0000,-91.1146,-179.5631,51.8076
28.1000,-91.8588,-179.7097,51.8040
28.2000,-92.6022,-179.7724,51.8013
28.3000,-93.3433,-179.8071,51.7998
28.4000,-94.0806,-179.8291,51.7997
28.5000,-94.8127,-179.8443,51.8012
28.6000,-95.5383,-179.8554,51.8043
28.7000,-96.2563,-179.8639,51.8094
28.8000,-96.9657,-179.8707,51.8164
28.9000,-97.6658,-179.8762,51.8255
29.0000,-98.3563,-179.8807,51.8368
29.1000,-99.0369,-179.8846,51.8502
29.2000,-99.7075,-179.8880,51.8659
29.3000,-100.3682,-179.8909,51.8837
29.4000,-101.0193,-179.8936,51.9036
29.5000,-101.6610,-179.8960,51.9256
29.6000,-102.2937,-179.8982,51.9495
29.7000,-102.9180,-179.9002,51.9753
29.8000,-103.5341,-179.9021,52.0027
29.9000,-104.1426,-179.9039,52.0318
30.0000,-104.7440,-179.9057,52.0622
30.1000,-105.3386,-179.9073,52.0940
30.2000,-105.9271,-179.9089,52.1269
30.3000,-106.5097,-179.9104,52.1607
30.4000,-107.0872,-179.9119,52.1954
30.5000,-107.6599,-179.9133,52.2309
30.6000,-108.2283,-179.9147,52.2669
30.7000,-108.7932,-179.9161,52.3035
30.8000,-109.3551,-179.9173,52.3405
30.9000,-109.9148,-179.9186,52.3779
31.0000,-110.4735,-179.9197,52.4155
31.1000,-111.0328,-179.9209,52.4535
31.2000,-111.5951,-179.9219,52.4917
31.3000,-112.1627,-179.9230,52.5301
31.4000,-112.7379,-179.9240,52.5687
31.5000,-113.3218,-179.9249,52.6075
31.6000,-113.9149,-179.9258,52.6464
31.7000,-114.5164,-179.9266,52.6854
31.8000,-115.1253,-179.9274,52.7247
31.9000,-115.7402,-179.9281,52.7641
32.0000,-116.3601,-179.9288,52.8038
32.1000,-116.9841,-179.9294,52.8438
32.2000,-117.6114,-179.9301,52.8842
32.3000,-118.2419,-179.9306,52.9249
32.4000,-118.8753,-179.9311,52.9662
32.5000,-119.5118,-179.9316,53.0079
32.6000,-120.1515,-179.9320,53.0502
32.7000,-120.7949,-179.9324,53.0930
32.8000,-121.4426,-179.9328,53.1364
32.9000,-122.0954,-179.9331,53.1804
33.0000,-122.7539,-179.9334,53.2250
33.1000,-123.4192,-179.9337,53.2701
33.2000,-124.0923,-179.9340,53.3157
33.3000,-124.7743,-179.9342,53.3616
33.4000,-125.4662,-179.9345,53.4079
33.5000,-126.1692,-179.9347,53.4544
33.6000,-126.8841,-179.9349,53.5010
33.7000,-127.6120,-179.9351,53.5475
33.8000,-128.3534,-179.9354,53.5938
33.9000,-129.1089,-179.9356,53.6396
34.0000,-129.8786,-179.9358,53.6849
34.1000,-130.6625,-179.9361,53.7295
34.2000,-131.4602,-179.9363,53.7730
34.3000,-132.2708,-179.9365,53.8155
34.4000,-133.0935,-179.9368,53.8566
34.5000,-133.9269,-179.9371,53.8963
34.6000,-134.7696,-179.9374,53.9344
34.7000,-135.6201,-179.9377,53.9708
34.8000,-136.4768,-179.9380,54.0054
34.9000,-137.3381,-179.9384,54.0381
35.0000,-138.2027,-179.9388,54.0689
35.1000,-139.0692,-179.9392,54.0977
35.2000,-139.9364,-179.9397,54.1245
35.3000,-140.8034,-179.9402,54.1495
35.4000,-141.6694,-179.9407,54.1726
35.5000,-142.5337,-179.9413,54.1939
35.6000,-143.3958,-179.9419,54.2135
35.7000,-144.2554,-179.9426,54.2315
35.8000,-145.1121,-179.9434,54.2480
35.9000,-145.9658,-179.9442,54.2631
36.0000,-146.8161,-179.9451,54.2770
36.1000,-147.6630,-179.9461,54.2898
36.2000,-148.5062,-179.9472,54.3016
36.3000,-149.3455,-179.9483,54.3126
36.4000,-150.1809,-179.9495,54.3228
36.5000,-151.0122,-179.9508,54.3323
36.6000,-151.8391,-179.9521,54.3414
36.7000,-152.6617,-179.9534,54.3499
36.8000,-153.4798,-179.9548,54.3582
36.9000,-154.2936,-179.9564,54.3661
37.0000,-155.1032,-179.9574,54.3739
37.1000,-155.9092,-179.9581,54.3815
37.2000,-156.7127,-179.9584,54.3890
37.3000,-157.5152,-179.9582,54.3965
37.4000,-158.3192,-179.9589,54.4040
37.5000,-159.1277,-179.9585,54.4117
37.6000,-159.9441,-179.9582,54.4195
37.7000,-160.7710,-179.9580,54.4276
37.8000,-161.6098,-179.9577,54.4359
37.9000,-162.4605,-179.9575,54.4443
38.0000,-163.3225,-179.9573,54.4530
38.1000,-164.1944,-179.9568,54.4617
38.2000,-165.0748,-179.9563,54.4705
38.3000,-165.9624,-179.9557,54.4793
38.4000,-166.8559,-179.9550,54.4880
38.5000,-167.7545,-179.9544,54.4966
38.6000,-168.6576,-179.9538,54.5051
38.7000,-169.5651,-179.9533,54.5135
38.8000,-170.4769,-179.9528,54.5217
38.9000,-171.3932,-179.9523,54.5297
39.0000,-172.3142,-179.9519,54.5376
39.1000,-173.2403,-179.9515,54.5453
39.2000,-174.1722,-179.9511,54.5529
39.3000,-175.1104,-179.9508,54.5604
39.4000,-176.0556,-179.9506,54.5678
39.5000,-177.0083,-179.9503,54.5752
39.6000,-177.9694,-179.9501,54.5825
39.7000,-178.9391,-179.9499,54.5899
39.8000,-179.9181,-179.9497,54.5974
39.9000,179.0936,-179.9496,54.6050
40.0000,178.0959,-179.9494,54.6127
40.1000,177.0893,-179.9492,54.6205
40.2000,176.0744,-179.9491,54.6286
40.3000,175.0522,-179.9489,54.6369
40.4000,174.0242,-179.9488,54.6454
40.5000,172.9920,-179.9486,54.6541
40.6000,171.9577,-179.9485,54.6630
40.7000,170.9234,-179.9483,54.6720
40.8000,169.8914,-179.9482,54.6811
40.9000,168.8641,-179.9480,54.6902
41.0000,167.8436,-179.9479,54.6992
41.1000,166.8319,-179.9477,54.7081
41.2000,165.8308,-179.9476,54.7168
41.3000,164.8417,-179.9474,54.7252
41.4000,163.8655,-179.9472,54.7332
41.5000,162.9031,-179.9471,54.7408
41.6000,161.9547,-179.9469,54.7477
41.7000,161.0205,-179.9467,54.7541
41.8000,160.1002,-179.9465,54.7598
41.9000,159.1936,-179.9464,54.7649
42.0000,158.3000,-179.9462,54.7692
42.1000,157.4188,-179.9460,54.7727
42.2000,156.5494,-179.9459,54.7756
42.3000,155.6910,-179.9457,54.7777
42.4000,154.8428,-179.9455,54.7790
42.5000,154.0042,-179.9454,54.7797
42.6000,153.1744,-179.9452,54.7798
42.7000,152.3527,-179.9450,54.7792
42.8000,151.5384,-179.9449,54.7781
42.9000,150.7309,-179.9447,54.7765
43.0000,149.9294,-179.9446,54.7744
43.1000,149.1334,-179.9444,54.7719
43.2000,148.3422,-179.9442,54.7689
43.3000,147.5550,-179.9440,54.7656
43.4000,146.7710,-179.9439,54.7619
43.5000,145.9888,-179.9437,54.7579
43.6000,145.2068,-179.9435,54.7534
43.7000,144.4225,-179.9433,54.7485
43.8000,143.6334,-179.9430,54.7430
43.9000,142.8373,-179.9428,54.7371
44.0000,142.0328,-179.9425,54.7305
44.1000,141.2197,-179.9423,54.7234
44.2000,140.3985,-179.9420,54.7156
44.3000,139.5705,-179.9417,54.7073
44.4000,138.7368,-179.9414,54.6984
44.5000,137.8985,-179.9410,54.6888
44.6000,137.0565,-179.9407,54.6786
44.7000,136.2114,-179.9403,54.6676
44.8000,135.3632,-179.9398,54.6559
44.9000,134.5121,-179.9394,54.6433
45.0000,133.6577,-179.9389,54.6298
45.1000,132.7997,-179.9383,54.6153
45.2000,131.9373,-179.9378,54.5998
45.3000,131.0698,-179.9371,54.5831
45.4000,130.1963,-179.9365,54.5653
45.5000,129.3157,-179.9358,54.5463
45.6000,128.4267,-179.9350,54.5260
45.7000,127.5283,-179.9341,54.5046
45.8000,126.6191,-179.9332,54.4819
45.9000,125.6979,-179.9323,54.4581
46.0000,124.7635,-179.9312,54.4331
46.1000,123.8149,-179.9301,54.4071
46.2000,122.8513,-179.9288,54.3801
46.3000,121.8720,-179.9274,54.3523
46.4000,120.8769,-179.9260,54.3238
46.5000,119.8659,-179.9243,54.2947
46.6000,118.8396,-179.9226,54.2653
46.7000,117.7988,-179.9206,54.2358
46.8000,116.7447,-179.9185,54.2062
46.9000,115.6788,-179.9161,54.1769
47.0000,114.6029,-179.9135,54.1480
47.1000,113.5189,-179.9106,54.1198
47.2000,112.4289,-179.9074,54.0923
47.3000,111.3346,-179.9038,54.0659
47.4000,110.2381,-179.8998,54.0406
47.5000,109.1409,-179.8952,54.0167
47.6000,108.0444,-179.8901,53.9942
47.7000,106.9499,-179.8842,53.9731
47.8000,105.8584,-179.8774,53.9537
47.9000,104.7704,-179.8696,53.9358
48.0000,103.6865,-179.8604,53.9196
48.1000,102.6070,-179.8496,53.9050
48.2000,101.5321,-179.8366,53.8918
48.3000,100.4618,-179.8208,53.8802
48.4000,99.3962,-179.8012,53.8699
48.5000,98.3353,-179.7764,53.8609
48.6000,97.2789,-179.7442,53.8530
48.7000,96.2271,-179.7008,53.8461
48.8000,95.1798,-179.6395,53.8401
48.9000,94.1371,-179.5470,53.8348
49.0000,93.0990,-179.3924,53.8300
49.1000,92.0655,-179.0828,53.8258
49.2000,91.0366,-178.1604,53.8218
49.3000,90.0123,-110.0549,53.8181
49.4000,88.9924,-1.9222,53.8144
49.5000,87.9766,-0.9693,53.8108
49.6000,86.9644,-0.6595,53.8071
49.7000,85.9548,-0.4997,53.8032
49.8000,84.9461,-0.4096,53.7991
49.9000,83.9358,-0.3585,53.7947
50.0000,82.9211,-0.3125,53.7901
50.1000,81.8985,-0.2791,53.7851
50.2000,80.8655,-0.2522,53.7799
50.3000,79.8207,-0.2311,53.7743
50.4000,78.7641,-0.2134,53.7686
50.5000,77.6964,-0.1988,53.7627
50.6000,76.6189,-0.1873,53.7566
50.7000,75.5331,-0.1775,53.7506
50.8000,74.4402,-0.1697,53.7447
50.9000,73.3415,-0.1626,53.7388
51.0000,72.2378,-0.1561,53.7333
51.1000,71.1293,-0.1501,53.7280
51.2000,70.0163,-0.1445,53.7231
51.3000,68.8987,-0.1392,53.7187
51.4000,67.7763,-0.1340,53.7148
51.5000,66.6485,-0.1290,53.7116
51.6000,65.5147,-0.1242,53.7089
51.7000,64.3742,-0.1196,53.7069
51.8000,63.2263,-0.1151,53.7055
51.9000,62.0700,-0.1107,53.7048
52.0000,60.9046,-0.1065,53.7046
52.1000,59.7292,-0.1025,53.7050
52.2000,58.5430,-0.0986,53.7058
52.3000,57.3456,-0.0948,53.7070
52.4000,56.1366,-0.0913,53.7084
52.5000,54.9161,-0.0879,53.7098
52.6000,53.6844,-0.0846,53.7111
52.7000,52.4422,-0.0815,53.7121
52.8000,51.1907,-0.0786,53.7126
52.9000,49.9316,-0.0758,53.7124
53.0000,48.6668,-0.0731,53.7114
53.1000,47.3986,-0.0706,53.7094
53.2000,46.1298,-0.0682,53.7061
53.3000,44.8630,-0.0660,53.7015
53.4000,43.6010,-0.0639,53.6954
53.5000,42.3465,-0.0619,53.6876
53.6000,41.1019,-0.0600,53.6782
53.7000,39.8692,-0.0582,53.6671
53.8000,38.6503,-0.0566,53.6541
53.9000,37.4463,-0.0550,53.6394
54.0000,36.2582,-0.0535,53.6229
54.1000,35.0865,-0.0521,53.6046
54.2000,33.9313,-0.0508,53.5847
54.3000,32.7923,-0.0496,53.5631
54.4000,31.6692,-0.0484,53.5401
54.5000,30.5613,-0.0472,53.5155
54.6000,29.4678,-0.0462,53.4897
54.7000,28.3879,-0.0451,53.4626
54.8000,27.3206,-0.0441,53.4344
54.9000,26.2651,-0.0432,53.4051
55.0000,25.2205,-0.0422,53.3750
55.1000,24.1858,-0.0413,53.3440
55.2000,23.1602,-0.0405,53.3123
55.3000,22.1429,-0.0396,53.2799
55.4000,21.1331,-0.0388,53.2470
55.5000,20.1299,-0.0381,53.2136
55.6000,19.1327,-0.0373,53.1798
55.7000,18.1407,-0.0366,53.1456
55.8000,17.1532,-0.0359,53.1111
55.9000,16.1690,-0.0352,53.0763
56.0000,15.1870,-0.0346,53.0413
56.1000,14.2053,-0.0340,53.0061
56.2000,13.2216,-0.0334,52.9708
56.3000,12.2332,-0.0329,52.9354
56.4000,11.2380,-0.0323,52.9001
56.5000,10.2345,-0.0318,52.8649
56.6000,9.2224,-0.0313,52.8298
56.7000,8.2024,-0.0309,52.7948
56.8000,7.1756,-0.0304,52.7599
56.9000,6.1430,-0.0300,52.7251
57.0000,5.1058,-0.0296,52.6903
57.1000,4.0647,-0.0293,52.6557
57.2000,3.0201,-0.0290,52.6212
57.3000,1.9720,-0.0287,52.5868
57.4000,0.9205,-0.0284,52.5526
57.5000,-0.1351,-0.0282,52.5185
57.6000,-1.1951,-0.0281,52.4848
57.7000,-2.2606,-0.0279,52.4513
57.8000,-3.3325,-0.0278,52.4181
57.9000,-4.4118,-0.0278,52.3854
58.0000,-5.5000,-0.0278,52.3531
58.1000,-6.5984,-0.0278,52.3214
58.2000,-7.7083,-0.0279,52.2903
58.3000,-8.8313,-0.0280,52.2598
58.4000,-9.9687,-0.0281,52.2300
58.5000,-11.1217,-0.0283,52.2010
58.6000,-12.2915,-0.0286,52.1728
58.7000,-13.4788,-0.0289,52.1454
58.8000,-14.6841,-0.0292,52.1188
58.9000,-15.9074,-0.0296,52.0931
59.0000,-17.1484,-0.0301,52.0682
59.1000,-18.4062,-0.0306,52.0442
59.2000,-19.6795,-0.0311,52.0209
59.3000,-20.9665,-0.0318,51.9984
59.4000,-22.2651,-0.0325,51.9765
59.5000,-23.5731,-0.0333,51.9551
59.6000,-24.8879,-0.0342,51.9341
59.7000,-26.2069,-0.0352,51.9135
59.8000,-27.5279,-0.0363,51.8930
59.9000,-28.8485,-0.0376,51.8726
60.0000,-30.1669,-0.0389,51.8522
60.1000,-31.4813,-0.0404,51.8315
60.2000,-32.7905,-0.0421,51.8105
60.3000,-34.0936,-0.0440,51.7891
60.4000,-35.3898,-0.0461,51.7671
60.5000,-36.6790,-0.0485,51.7446
60.6000,-37.9608,-0.0512,51.7214
60.7000,-39.2353,-0.0541,51.6975
60.8000,-40.5027,-0.0575,51.6729
60.9000,-41.7633,-0.0612,51.6476
61.0000,-43.0173,-0.0654,51.6216
61.1000,-44.2650,-0.0701,51.5949
61.2000,-45.5067,-0.0753,51.5676
61.3000,-46.7426,-0.0810,51.5396
61.4000,-47.9729,-0.0874,51.5112
61.5000,-49.1977,-0.0944,51.4823
61.6000,-50.4172,-0.1021,51.4530
61.7000,-51.6314,-0.1104,51.4234
61.8000,-52.8404,-0.1197,51.3936
61.9000,-54.0445,-0.1304,51.3636
62.0000,-55.2439,-0.1407,51.3334
62.1000,-56.4392,-0.1514,51.3032
62.2000,-57.6314,-0.1637,51.2729
62.3000,-58.8221,-0.1762,51.2426
62.4000,-60.0138,-0.1916,51.2123
62.5000,-61.2094,-0.2059,51.1819
62.6000,-62.4123,-0.2221,51.1515
62.7000,-63.6251,-0.2401,51.1210
62.8000,-64.8492,-0.2597,51.0904
62.9000,-66.0847,-0.2814,51.0596
63.0000,-67.3310,-0.3056,51.0286
63.1000,-68.5867,-0.3333,50.9974
63.2000,-69.8506,-0.3644,50.9659
63.3000,-71.1214,-0.4003,50.9340
63.4000,-72.3981,-0.4409,50.9017
63.5000,-73.6800,-0.4873,50.8690
63.6000,-74.9668,-0.5411,50.8356
63.7000,-76.2587,-0.6041,50.8016
63.8000,-77.5558,-0.6793,50.7669
63.9000,-78.8588,-0.7710,50.7314
64.0000,-80.1684,-0.8860,50.6949
64.1000,-81.4853,-1.0355,50.6576
64.2000,-82.8107,-1.2392,50.6193
64.3000,-84.1456,-1.5353,50.5800
64.4000,-85.4911,-2.0085,50.5397
64.5000,-86.8485,-2.8913,50.4984
64.6000,-88.2186,-5.1350,50.4562
64.7000,-89.6026,-22.0385,50.4131
64.8000,-91.0010,-170.8309,50.3694
64.9000,-92.4142,-176.1564,50.3250
65.0000,-93.8423,-177.5743,50.2801
65.1000,-95.2848,-178.2302,50.2350
65.2000,-96.7407,-178.6081,50.1898
65.3000,-98.2086,-178.8537,50.1448
65.4000,-99.6864,-179.0259,50.1002
65.5000,-101.1715,-179.1531,50.0562
65.6000,-102.6611,-179.2508,50.0131
65.7000,-104.1519,-179.3279,49.9711
65.8000,-105.6405,-179.3903,49.9305
65.9000,-107.1233,-179.4416,49.8914
66.0000,-108.5971,-179.4845,49.8540
66.1000,-110.0589,-179.5208,49.8185
66.2000,-111.5061,-179.5518,49.7851
66.3000,-112.9365,-179.5786,49.7538
66.4000,-114.3485,-179.6019,49.7247
66.5000,-115.7411,-179.6223,49.6978
66.6000,-117.1137,-179.6404,49.6731
66.7000,-118.4661,-179.6564,49.6507
66.8000,-119.7986,-179.6708,49.6303
66.9000,-121.1118,-179.6837,49.6121
67.0000,-122.4066,-179.6953,49.5958
67.1000,-123.6839,-179.7059,49.5814
67.2000,-124.9447,-179.7155,49.5687
67.3000,-126.1904,-179.7243,49.5576
67.4000,-127.4220,-179.7324,49.5480
67.5000,-128.6406,-179.7399,49.5396
67.6000,-129.8474,-179.7467,49.5324
67.7000,-131.0435,-179.7531,49.5262
67.8000,-132.2299,-179.7590,49.5209
67.9000,-133.4074,-179.7645,49.5164
68.0000,-134.5770,-179.7696,49.5124
68.1000,-135.7395,-179.7744,49.5091
68.2000,-136.8958,-179.7788,49.5062
68.3000,-138.0467,-179.7830,49.5036
68.4000,-139.1933,-179.7869,49.5014
68.5000,-140.3368,-179.7906,49.4995
68.6000,-141.4792,-179.7941,49.4977
68.7000,-142.6228,-179.7974,49.4961
68.8000,-143.7702,-179.8005,49.4946
68.9000,-144.9238,-179.8035,49.4932
69.0000,-146.0850,-179.8063,49.4916
69.1000,-147.2541,-179.8091,49.4901
69.2000,-148.4306,-179.8117,49.4885
69.3000,-149.6133,-179.8142,49.4868
69.4000,-150.8012,-179.8165,49.4851
69.5000,-151.9931,-179.8188,49.4834
69.6000,-153.1885,-179.8209,49.4816
69.7000,-154.3869,-179.8230,49.4799
69.8000,-155.5883,-179.8249,49.4781
69.9000,-156.7931,-179.8266,49.4763
70.0000,-158.0017,-179.8283,49.4745
70.1000,-159.2150,-179.8299,49.4727
70.2000,-160.4338,-179.8313,49.4708
70.3000,-161.6595,-179.8326,49.4687
70.4000,-162.8934,-179.8338,49.4664
70.5000,-164.1369,-179.8349,49.4639
70.6000,-165.3916,-179.8359,49.4611
70.7000,-166.6591,-179.8368,49.4578
70.8000,-167.9410,-179.8376,49.4540
70.9000,-169.2388,-179.8382,49.4496
71.0000,-170.5539,-179.8388,49.4445
71.1000,-171.8873,-179.8392,49.4387
71.2000,-173.2399,-179.8396,49.4319
71.3000,-174.6119,-179.8398,49.4241
71.4000,-176.0034,-179.8399,49.4153
71.5000,-177.4136,-179.8398,49.4053
71.6000,-178.8415,-179.8396,49.3941
71.7000,179.7146,-179.8393,49.3816
71.8000,178.2568,-179.8388,49.3679
71.9000,176.7877,-179.8381,49.3528
72.0000,175.3099,-179.8372,49.3366
72.1000,173.8263,-179.8361,49.3191
72.2000,172.3397,-179.8348,49.3004
72.3000,170.8527,-179.8332,49.2807
72.4000,169.3679,-179.8313,49.2601
72.5000,167.8872,-179.8291,49.2385
72.6000,166.4124,-179.8266,49.2163
72.7000,164.9447,-179.8236,49.1934
72.8000,163.4850,-179.8202,49.1700
72.9000,162.0339,-179.8163,49.1462
73.0000,160.5915,-179.8118,49.1222
73.1000,159.1578,-179.8067,49.0980
73.2000,157.7325,-179.8009,49.0736
73.3000,156.3155,-179.7943,49.0493
73.4000,154.9061,-179.7868,49.0250
73.5000,153.5040,-179.7784,49.0007
73.6000,152.1087,-179.7690,48.9766
73.7000,150.7198,-179.7585,48.9525
73.8000,149.3369,-179.7469,48.9285
73.9000,147.9597,-179.7341,48.9047
74.0000,146.5880,-179.7201,48.8808
74.1000,145.2215,-179.7050,48.8571
74.2000,143.8601,-179.6886,48.8333
74.3000,142.5035,-179.6710,48.8095
74.4000,141.1515,-179.6519,48.7856
74.5000,139.8038,-179.6323,48.7616
74.6000,138.4597,-179.6119,48.7375
74.7000,137.1181,-179.5906,48.7133
74.8000,135.7775,-179.5687,48.6889
74.9000,134.4353,-179.5466,48.6644
75.0000,133.0887,-179.5213,48.6398
75.1000,131.7344,-179.4938,48.6151
75.2000,130.3697,-179.4642,48.5904
75.3000,128.9935,-179.4321,48.5658
75.4000,127.6058,-179.3976,48.5411
75.5000,126.2071,-179.3604,48.5166
75.6000,124.7990,-179.3200,48.4921
75.7000,123.3826,-179.2766,48.4677
75.8000,121.9592,-179.2294,48.4436
75.9000,120.5300,-179.1786,48.4196
76.0000,119.0956,-179.1239,48.3960
76.1000,117.6561,-179.0648,48.3727
76.2000,116.2115,-179.0007,48.3498
76.3000,114.7616,-178.9307,48.3274
76.4000,113.3056,-178.8539,48.3057
76.5000,111.8430,-178.7685,48.2846
76.6000,110.3726,-178.6727,48.2642
76.7000,108.8936,-178.5636,48.2446
76.8000,107.4046,-178.4373,48.2258
76.9000,105.9044,-178.2882,48.2078
77.0000,104.3919,-178.1087,48.1906
77.1000,102.8658,-177.8867,48.1742
77.2000,101.3253,-177.6040,48.1584
77.3000,99.7694,-177.2299,48.1433
77.4000,98.1978,-176.7100,48.1287
77.5000,96.6103,-175.9366,48.1145
77.6000,95.0074,-174.6633,48.1004
77.7000,93.3900,-172.1765,48.0863
77.8000,91.7597,-165.2365,48.0719
77.9000,90.1184,-104.3822,48.0571
78.0000,88.4688,-16.6995,48.0416
78.1000,86.8139,-8.1652,48.0251
78.2000,85.1572,-5.3664,48.0074
78.3000,83.5023,-3.9852,47.9883
78.4000,81.8527,-3.1647,47.9674
78.5000,80.2121,-2.6223,47.9447
78.6000,78.5836,-2.2379,47.9199
78.7000,76.9700,-1.9519,47.8928
78.8000,75.3736,-1.7311,47.8634
78.9000,73.7962,-1.5558,47.8316
79.0000,72.2389,-1.4135,47.7973
79.1000,70.7025,-1.2957,47.7605
79.2000,69.1871,-1.1968,47.7211
79.3000,67.6925,-1.1125,47.6793
79.4000,66.2181,-1.0399,47.6351
79.5000,64.7630,-0.9768,47.5887
79.6000,63.3263,-0.9215,47.5400
79.7000,61.9068,-0.8725,47.4893
79.8000,60.5032,-0.8289,47.4367
79.9000,59.1144,-0.7899,47.3823
80.0000,57.7390,-0.7548,47.3263
80.1000,56.3761,-0.7231,47.2688
80.2000,55.0243,-0.6943,47.2100
80.3000,53.6826,-0.6681,47.1501
80.4000,52.3500,-0.6441,47.0891
80.5000,51.0255,-0.6221,47.0271
80.6000,49.7083,-0.6019,46.9644
80.7000,48.3973,-0.5833,46.9010
80.8000,47.0917,-0.5660,46.8369
80.9000,45.7904,-0.5501,46.7722
81.0000,44.4921,-0.5353,46.7070
81.1000,43.1948,-0.5215,46.6414
81.2000,41.8961,-0.5086,46.5753
81.3000,40.5933,-0.4964,46.5089
81.4000,39.2842,-0.4850,46.4423
81.5000,37.9674,-0.4741,46.3754
81.6000,36.6424,-0.4639,46.3082
81.7000,35.3098,-0.4542,46.2409
81.8000,33.9706,-0.4450,46.1734
81.9000,32.6260,-0.4363,46.1058
82.0000,31.2768,-0.4282,46.0378
82.1000,29.9237,-0.4205,45.9697
82.2000,28.5670,-0.4133,45.9013
82.3000,27.2066,-0.4065,45.8327
82.4000,25.8422,-0.4001,45.7639
82.5000,24.4730,-0.3942,45.6948
82.6000,23.0983,-0.3887,45.6256
82.7000,21.7169,-0.3836,45.5562
82.8000,20.3274,-0.3789,45.4868
82.9000,18.9286,-0.3746,45.4173
83.0000,17.5186,-0.3706,45.3479
83.1000,16.0959,-0.3670,45.2786
83.2000,14.6588,-0.3638,45.2096
83.3000,13.2054,-0.3610,45.1408
83.4000,11.7342,-0.3585,45.0725
83.5000,10.2439,-0.3564,45.0048
83.6000,8.7333,-0.3547,44.9376
83.7000,7.2016,-0.3534,44.8713
83.8000,5.6485,-0.3526,44.8058
83.9000,4.0744,-0.3522,44.7413
84.0000,2.4800,-0.3523,44.6779
84.1000,0.8668,-0.3529,44.6155
84.2000,-0.7633,-0.3541,44.5543
84.3000,-2.4077,-0.3559,44.4943
84.4000,-4.0635,-0.3584,44.4355
84.5000,-5.7276,-0.3617,44.3779
84.6000,-7.3966,-0.3657,44.3213
84.7000,-9.0672,-0.3707,44.2658
84.8000,-10.7365,-0.3767,44.2112
84.9000,-12.4015,-0.3838,44.1575
85.0000,-14.0601,-0.3922,44.1044
85.1000,-15.7102,-0.4020,44.0519
85.2000,-17.3505,-0.4135,43.9998
85.3000,-18.9800,-0.4268,43.9481
85.4000,-20.5982,-0.4422,43.8965
85.5000,-22.2049,-0.4600,43.8450
85.6000,-23.8002,-0.4805,43.7934
85.7000,-25.3846,-0.5040,43.7416
85.8000,-26.9584,-0.5310,43.6897
85.9000,-28.5223,-0.5619,43.6374
86.0000,-30.0771,-0.5969,43.5849
86.1000,-31.6232,-0.6366,43.5320
86.2000,-33.1614,-0.6813,43.4787
86.3000,-34.6920,-0.7312,43.4252
86.4000,-36.2157,-0.7867,43.3713
86.5000,-37.7327,-0.8480,43.3171
86.6000,-39.2434,-0.9153,43.2626
86.7000,-40.7480,-0.9888,43.2079
86.8000,-42.2467,-1.0687,43.1530
86.9000,-43.7397,-1.1549,43.0980
87.0000,-45.2274,-1.2470,43.0429
87.1000,-46.7103,-1.3470,42.9877
87.2000,-48.1895,-1.4558,42.9324
87.3000,-49.6665,-1.5744,42.8771
87.4000,-51.1437,-1.7046,42.8218
87.5000,-52.6241,-1.8483,42.7663
87.6000,-54.1111,-2.0048,42.7108
87.7000,-55.6073,-2.1762,42.6551
87.8000,-57.1141,-2.3640,42.5992
87.9000,-58.6317,-2.5705,42.5430
88.0000,-60.1595,-2.7980,42.4867
88.1000,-61.6963,-3.0496,42.4300
88.2000,-63.2408,-3.3281,42.3730
88.3000,-64.7922,-3.6381,42.3156
88.4000,-66.3492,-3.9837,42.2578
88.5000,-67.9116,-4.3716,42.1995
88.6000,-69.4792,-4.8104,42.1406
88.7000,-71.0525,-5.3120,42.0810
88.8000,-72.6319,-5.8931,42.0207
88.9000,-74.2184,-6.5780,41.9595
89.0000,-75.8128,-7.4025,41.8974
89.1000,-77.4166,-8.4217,41.8344
89.2000,-79.0310,-9.7233,41.7704
89.3000,-80.6576,-11.4552,41.7053
89.4000,-82.2979,-13.8864,41.6392
89.5000,-83.9533,-17.5558,41.5721
89.6000,-85.6253,-23.6965,41.5041
89.7000,-87.3150,-35.6479,41.4352
89.8000,-89.0234,-63.1619,41.3655
89.9000,-90.7510,-111.2248,41.2952
90.0000,-92.4977,-142.2118,41.2245
90.1000,-94.2631,-155.5411,41.1534
90.2000,-96.0459,-162.1981,41.0823
90.3000,-97.8442,-166.0848,41.0115
90.4000,-99.6555,-168.6074,40.9410
90.5000,-101.4767,-170.3674,40.8712
90.6000,-103.3040,-171.6599,40.8024
90.7000,-105.1333,-172.6458,40.7348
90.8000,-106.9603,-173.4200,40.6687
90.9000,-108.7808,-174.0419,40.6041
91.0000,-110.5905,-174.5505,40.5415
91.1000,-112.3856,-174.9729,40.4808
91.2000,-114.1628,-175.3279,40.4223
91.3000,-115.9195,-175.6294,40.3660
91.4000,-117.6536,-175.8878,40.3120
91.5000,-119.3637,-176.1109,40.2603
91.6000,-121.0490,-176.3048,40.2109
91.7000,-122.7095,-176.4742,40.1638
91.8000,-124.3453,-176.6229,40.1189
91.9000,-125.9573,-176.7540,40.0760
92.0000,-127.5465,-176.8698,40.0352
92.1000,-129.1140,-176.9723,39.9962
92.2000,-130.6614,-177.0632,39.9589
92.3000,-132.1900,-177.1438,39.9232
92.4000,-133.7014,-177.2152,39.8889
92.5000,-135.1969,-177.2785,39.8559
92.6000,-136.6780,-177.3343,39.8240
92.7000,-138.1460,-177.3835,39.7931
92.8000,-139.6022,-177.4267,39.7631
92.9000,-141.0476,-177.4646,39.7337
93.0000,-142.4833,-177.4976,39.7050
93.1000,-143.9104,-177.5263,39.6768
93.2000,-145.3298,-177.5512,39.6490
93.3000,-146.7424,-177.5728,39.6216
93.4000,-148.1492,-177.5914,39.5944
93.5000,-149.5518,-177.6075,39.5676
93.6000,-150.9520,-177.6215,39.5408
93.7000,-152.3521,-177.6337,39.5142
93.8000,-153.7550,-177.6446,39.4877
93.9000,-155.1628,-177.6542,39.4611
94.0000,-156.5772,-177.6629,39.4344
94.1000,-157.9987,-177.6707,39.4076
94.2000,-159.4267,-177.6775,39.3806
94.3000,-160.8603,-177.6835,39.3535
94.4000,-162.2982,-177.6886,39.3262
94.5000,-163.7395,-177.6927,39.2988
94.6000,-165.1837,-177.6959,39.2712
94.7000,-166.6304,-177.6982,39.2435
94.8000,-168.0797,-177.6995,39.2156
94.9000,-169.5321,-177.6998,39.1876
95.0000,-170.9883,-177.6991,39.1592
95.1000,-172.4493,-177.6972,39.1306
95.2000,-173.9162,-177.6941,39.1016
95.3000,-175.3906,-177.6897,39.0722
95.4000,-176.8739,-177.6839,39.0423
95.5000,-178.3680,-177.6765,39.0118
95.6000,-179.8746,-177.6674,38.9806
95.7000,178.6045,-177.6565,38.9487
95.8000,177.0673,-177.6436,38.9159
95.9000,175.5123,-177.6285,38.8822
96.0000,173.9380,-177.6111,38.8475
96.1000,172.3432,-177.5910,38.8116
96.2000,170.7272,-177.5682,38.7747
96.3000,169.0897,-177.5422,38.7364
96.4000,167.4309,-177.5127,38.6970
96.5000,165.7518,-177.4796,38.6563
96.6000,164.0539,-177.4423,38.6143
96.7000,162.3392,-177.4004,38.5710
96.8000,160.6104,-177.3536,38.5266
96.9000,158.8704,-177.3011,38.4811
97.0000,157.1224,-177.2425,38.4346
97.1000,155.3699,-177.1769,38.3872
97.2000,153.6161,-177.1037,38.3391
97.3000,151.8639,-177.0218,38.2904
97.4000,150.1162,-176.9301,38.2413
97.5000,148.3752,-176.8274,38.1920
97.6000,146.6427,-176.7120,38.1425
97.7000,144.9200,-176.5822,38.0932
97.8000,143.2079,-176.4358,38.0440
97.9000,141.5069,-176.2704,37.9952
98.0000,139.8170,-176.0830,37.9468
98.1000,138.1379,-175.8704,37.8989
98.2000,136.4693,-175.6287,37.8516
98.3000,134.8106,-175.3537,37.8049
98.4000,133.1610,-175.0406,37.7588
98.5000,131.5199,-174.6842,37.7133
98.6000,129.8866,-174.2790,37.6684
98.7000,128.2605,-173.8189,37.6241
98.8000,126.6410,-173.2977,37.5803
98.9000,125.0277,-172.7085,37.5368
99.0000,123.4202,-172.0441,37.4938
99.1000,121.8182,-171.2961,37.4510
99.2000,120.2214,-170.4551,37.4084
99.3000,118.6295,-169.5101,37.3659
99.4000,117.0425,-168.4468,37.3235
99.5000,115.4597,-167.2481,37.2811
99.6000,113.8807,-165.8920,37.2386
99.7000,112.3045,-164.3512,37.1960
99.8000,110.7293,-162.5907,37.1533
99.9000,109.1529,-160.5706,37.1104
