noise_level,seed,reached,min_clear_mm,crashed
0,1,1,20.726748724929585,0
0,2,1,20.726748724929585,0
0,3,1,20.726748724929585,0
0.5,1,1,19.837642200527956,0
0.5,2,1,20.041271809968794,0
0.5,3,1,18.859743773586843,0
1.0,1,1,18.80547992609013,0
1.0,2,1,18.68209366055325,0
1.0,3,1,18.653027501276767,0
1.5,1,1,18.598496395162112,0
1.5,2,1,18.429018831674327,0
1.5,3,1,17.187080022654293,0
2.0,1,1,14.210528780118524,0
2.0,2,1,17.97375950597381,0
2.0,3,1,17.23754249520365,0
3.0,1,0,19.050080170407583,0
3.0,2,0,17.10679422067044,0
3.0,3,1,14.834342946395681,0

noise_level,clear_mean_mm,clear_std_mm,clear_min_mm,reach_rate,crash_rate,n_seeds
0,20.726748724929585,0.0,20.726748724929585,1.0,0.0,3
0.5,19.57955259469453,0.5157259017918899,18.859743773586843,1.0,0.0,3
1.0,18.713533695973382,0.0660897991537918,18.653027501276767,1.0,0.0,3
1.5,18.071531749830246,0.6292173998493851,17.187080022654293,1.0,0.0,3
2.0,16.473943593765327,1.6284530155362547,14.210528780118524,1.0,0.0,3
3.0,16.997072445824568,1.722815377298912,14.834342946395681,0.3333333333333333,0.0,3
