rate_hz,seed,reached,min_clear_mm,crashed
10000,1,1,19.30935047586773,0
10000,2,1,18.976253015946607,0
10000,3,1,19.09350131710268,0
2000,1,1,19.33005526310734,0
2000,2,1,18.138014736914972,0
2000,3,1,18.175025736025063,0
1000,1,1,18.80547992609013,0
1000,2,1,18.68209366055325,0
1000,3,1,18.653027501276767,0
500,1,1,14.345417498309423,0
500,2,1,16.71459994755862,0
500,3,0,9.389332611456926,1
250,1,1,17.421255641890674,0
250,2,1,17.991703022020676,0
250,3,1,15.578557531987405,0

rate_hz,clear_mean_mm,clear_std_mm,reach_rate,crash_rate,n_seeds
10000,19.126368269639006,0.13795810204127182,1.0,0.0,3
2000,18.547698578682457,0.5534160217907215,1.0,0.0,3
1000,18.713533695973382,0.0660897991537918,1.0,0.0,3
500,13.48311668577499,3.052054761939107,0.6666666666666666,0.3333333333333333,3
250,16.997172065299587,1.0297905770811515,1.0,0.0,3
