policy,gap_x_Wd,gap_mm,outcome,peak_y_mm,min_clear_mm,crashed
base,0.5,32.0,finish,3.131059392237366,23.879318401309064,0
base,1.0,64.0,finish,15.01544945406914,12.417398798991456,1
base,1.5,96.0,,25.612776578061226,24.79518657297982,0
base,2.0,128.0,exited,62.02327912694418,2.9818502248414096,1
base,3.0,192.0,exited,62.0033250131158,18.702437930981915,0
fused,0.5,32.0,finish,3.0323436249447493,24.096544856937353,0
fused,1.0,64.0,finish,8.848683814404607,18.195038642121904,0
fused,1.5,96.0,finish,8.848683814404607,19.727744633910067,0
fused,2.0,128.0,finish,8.848683814404607,21.67989145233263,0
fused,3.0,192.0,finish,8.848683814404607,23.65310980648506,0
