noise_floor_rad_s2,level
24.736402651756354,1.0

d_mm,sensitivity_rad_s2_per_mm,resolution_mm
4.0,502.2012333746434,0.04925595758802714
6.0,160.67255932461921,0.15395536584302166
8.0,967.033401294626,0.025579677618829132
10.0,1964.0717467786835,0.012594449613323476
12.0,2921.7774822361193,0.008466217157928427
14.0,3374.6346505567944,0.0073300979848811175
16.0,2695.768755504977,0.009176010591131984
18.0,1398.9178029498935,0.017682527593540366
20.0,609.5363264205687,0.04058232722078765
22.0,323.0061835456566,0.07658182385310246
24.0,192.80102456442376,0.1283001618255964
26.0,124.23635824048739,0.1991075962148978
28.0,84.5225495072405,0.29266039413112294
30.0,59.90825215251604,0.41290476291616307
32.0,43.852799994164954,0.5640780669660267
34.0,32.95070750504492,0.7507093026141878
36.0,25.302694272543427,0.9776193153706335
38.0,19.79037427599792,1.2499209113875656
