d_mm,d_eff_mm,est_rad_s2,true_rad_s2,gain,ydrift_mm
12.0,16.455647773229284,4443.748333539639,6785.391104001238,0.6548993662162275,-4.455647773229282
15.0,16.52791734757436,3730.110772161514,6599.022747167113,0.5652519948901236,-1.5279173475743584
18.0,21.087847144830718,1020.1811207705712,1925.903078765123,0.5297157120828245,-3.087847144830717
22.0,23.24636080666899,733.0988499322027,1290.3623537973815,0.5681340964224357,-1.2463608066689922
26.0,26.587268842903324,450.69853363810455,774.3619138983028,0.5820256982541822,-0.5872688429033256
30.0,30.34029530493513,283.8728722332749,483.3646829678035,0.587285091848929,-0.3402953049351313

bw_base_rad_s2,bw_final_rad_s2,rise_10_90_ms
0.8216764464653284,3679.0021123452184,12.999999999998568
