offset_mm,d_near_mm,d_far_mm,T_nNm,roll_acc_rad_s2
-18.700000000000003,50.7,13.299999999999999,-2934.209571083788,-17184.143654000163
-14.96,46.96,17.04,-916.6989344814768,-5368.630220840062
-11.22,43.22,20.78,-324.9558517449763,-1903.0978879709326
-7.48,39.480000000000004,24.52,-144.96110181298985,-848.9619904267663
-3.74,35.74,28.26,-58.72985593277311,-343.9503064379746
0.0,32.0,32.0,-1.149847225897713e-13,-6.734058843207162e-13
3.74,28.26,35.74,58.72985593277292,343.95030643797344
7.48,24.52,39.480000000000004,144.96110181298968,848.9619904267653
11.22,20.78,43.22,324.95585174497575,1903.0978879709292
14.96,17.04,46.96,916.6989344814765,5368.63022084006
18.700000000000003,13.299999999999999,50.7,2934.2095710837884,17184.143654000163

near_center_slope_rad_s2_per_mm
109.19113835783453
