K_GE,off_4mm_rad_s2,off_8mm_rad_s2,off_12mm_rad_s2
0.5,185.7179193151216,473.77138434809325,1145.120505571286
1.0,371.4358386302432,947.542768696185,2290.2410111425747
1.5,557.1537579453651,1421.3141530442779,3435.3615167138614

K_GE,rate_hz,reached,n_seeds,crashed,mean_clear_mm
0.5,1000,3,3,0,19.917484856348477
0.5,500,3,3,0,16.209501914834004
0.5,250,3,3,0,17.662605868968203
1.0,1000,3,3,0,20.726748724929585
1.0,500,3,3,0,18.58373447258245
1.0,250,3,3,0,17.639222852948727
1.5,1000,3,3,0,21.40531855940182
1.5,500,0,3,3,
1.5,250,3,3,0,14.74553857180775
