policy,W_mm,level,seed,reached,struck,margin_mm,ymax_mm,strike_bound_mm
stock,64.0,0.0,1,1,0,18.69999999999724,2.762846829215012e-12,18.700000000000003
stock,56.0,0.0,1,1,0,14.699999999997942,2.059664609044548e-12,14.700000000000001
stock,48.0,0.0,1,1,0,10.699999999999154,8.490005106056241e-13,10.700000000000001
stock,42.0,0.0,1,0,1,-30.914805064780236,38.61480506478024,7.700000000000002
stock,38.0,0.0,1,0,1,-28.737046447011934,34.43704644701193,5.7
stock,34.0,0.0,1,0,1,-32.283562520805575,35.98356252080558,3.700000000000002
stock,32.0,0.0,1,0,1,-20.785961419051947,23.48596141905195,2.700000000000001
stock,30.0,0.0,1,0,1,-30.855120163956194,32.5551201639562,1.7000000000000002
stock,28.0,0.0,1,0,1,-32.74711363127631,33.4471136312763,0.700000000000001
adaptive,64.0,0.0,1,1,0,18.69999999999724,2.762846829215012e-12,18.700000000000003
adaptive,64.0,1.0,1,1,0,17.466310204771585,1.2336897952284172,18.700000000000003
adaptive,56.0,0.0,1,1,0,14.699999999997942,2.059664609044548e-12,14.700000000000001
adaptive,56.0,1.0,1,1,0,13.604674258108865,1.095325741891137,14.700000000000001
adaptive,48.0,0.0,1,1,0,10.699999999998843,1.1588174546001463e-12,10.700000000000001
adaptive,48.0,1.0,1,1,0,5.827163614784032,4.872836385215969,10.700000000000001
adaptive,42.0,0.0,1,1,0,7.699999996134036,3.865966297587143e-09,7.700000000000002
adaptive,42.0,1.0,1,0,1,-29.270647682064308,36.97064768206431,7.700000000000002
adaptive,38.0,0.0,1,1,0,5.699999775958738,2.2404126193948073e-07,5.7
adaptive,38.0,1.0,1,0,1,-32.22970774682074,37.92970774682074,5.7
adaptive,34.0,0.0,1,1,0,3.3089273537808523,0.39107264621914956,3.700000000000002
adaptive,34.0,1.0,1,0,1,-23.133901776629756,26.83390177662976,3.700000000000002
adaptive,32.0,0.0,1,1,0,2.151045948832314,0.5489540511676871,2.700000000000001
adaptive,32.0,1.0,1,0,1,-31.035915835140862,33.735915835140865,2.700000000000001
adaptive,30.0,0.0,1,1,0,1.6371099234572903,0.06289007654270976,1.7000000000000002
adaptive,30.0,1.0,1,0,1,-24.16066577512934,25.860665775129338,1.7000000000000002
adaptive,28.0,0.0,1,1,1,-6.573615256642246,7.273615256642247,0.700000000000001
adaptive,28.0,1.0,1,0,1,-30.04535723301386,30.745357233013863,0.700000000000001

policy,level,flyable_floor_mm
stock,0.0,48.0
adaptive,0.0,30.0
adaptive,1.0,48.0
