true_length_mm,detect_rate,loc_err_mm,size_raw_mm,size_err_raw_mm
10,0.0,nan,nan,
12,1.0,0.769277846255199,1.689438443469989,-10.310561556530011
15,1.0,0.866120002282376,4.715114669018575,-10.284885330981425
18,1.0,0.371943385195352,7.807501437989445,-10.192498562010556
20,1.0,0.3800876348448538,9.248302621042214,-10.751697378957786
25,1.0,0.08681103093772606,15.110195014662523,-9.889804985337477
30,1.0,0.7684726168165993,20.607735759358803,-9.392264240641197
35,1.0,0.8611872542537794,23.653016292101466,-11.346983707898534
40,1.0,2.3310077693196036,27.94055757255579,-12.05944242744421
50,1.0,7.576655509379452,26.513941328687153,-23.486058671312847
60,1.0,4.107459438910027,44.382644654931596,-15.617355345068404
80,1.0,3.5805824548016214,62.872704540910114,-17.127295459089886

calibration_a,calibration_b_mm
0.8544086074803664,-7.673287413201224
