course_id,ensemble,n_legs,widths_mm,n_openings,completed,n_detected,n_false_positives,loc_errors_mm
0,SAFE,3,67.14;67.83;65.42,2,1,2,0,32.520;22.739
1,SAFE,3,74.44;64.72;72.2,2,1,2,0,4.413;9.014
2,SAFE,3,66.19;75.28;65.04,2,0,0,0,
3,SAFE,2,72.8;69.39,2,1,1,0,3.182
4,SAFE,3,67.92;66.38;73.95,1,1,1,0,10.851
5,SAFE,3,64.41;69.54;74.49,1,1,1,0,10.374
6,SAFE,2,72.25;66.98,1,1,1,0,5.981
7,SAFE,2,68.56;73.7,1,1,0,0,
8,SAFE,2,64.52;68.71,2,1,1,0,0.322
9,SAFE,2,64.08;75.35,1,1,1,0,7.246
10,SAFE,3,66.86;70.19;71.23,1,1,1,0,3.769
11,SAFE,2,75.6;64.18,1,1,1,0,6.779
12,SAFE,3,67.2;72.97;64.02,2,1,1,0,8.573
13,SAFE,3,68.97;72.68;67.19,2,0,0,0,
14,SAFE,2,71.1;69.56,1,1,1,0,9.590
15,SAFE,2,72.34;75.57,2,1,1,0,6.725
16,SAFE,2,66.33;64.05,1,1,0,0,
17,SAFE,2,65.52;64.53,2,1,2,0,2.520;4.082
18,SAFE,3,69.32;64.6;67.3,2,1,1,0,7.605
19,SAFE,2,70.87;69.89,2,0,0,0,
20,SAFE,3,66.95;69.61;73.32,2,1,1,0,6.681
21,SAFE,3,66.37;67.91;69.2,2,1,2,0,8.279;10.718
22,SAFE,3,68.35;64.16;66.8,3,1,1,1,4.062
23,SAFE,2,67.11;70.92,1,0,0,0,
24,SAFE,2,65.12;72.01,1,1,0,0,
25,SAFE,2,72.16;66.08,2,1,2,0,7.017;7.813
26,SAFE,2,64.76;72.8,2,1,1,0,7.365
27,SAFE,3,64.24;67.64;68.37,3,1,3,0,1.153;18.418;3.504
28,SAFE,2,73.62;67.57,1,1,0,0,
29,SAFE,3,72.7;73.09;70.59,2,1,2,0,3.547;11.182
30,SAFE,2,72.52;73.26,2,1,1,0,4.763
31,SAFE,3,66.63;64.61;70.96,3,1,2,0,2.519;6.182
32,SAFE,3,70.72;70.44;65.09,3,0,0,0,
33,SAFE,2,66.64;70.57,2,0,0,0,
34,SAFE,2,69.02;64.74,1,1,0,0,
35,SAFE,2,64.76;65.07,1,1,1,0,7.565
36,SAFE,2,67.87;70.71,2,1,1,0,7.758
37,SAFE,3,68.33;65.84;72.97,1,1,1,0,5.797
38,SAFE,3,70.0;68.17;72.69,2,1,2,0,10.112;14.456
39,SAFE,2,67.47;72.07,1,1,0,0,
0,HARD,3,62.7;62.62;58.35,3,1,3,0,3.288;12.760;6.943
1,HARD,3,56.22;63.38;63.51,3,0,0,0,
2,HARD,4,56.58;63.37;60.71;59.07,3,1,3,0,2.800;8.882;9.804
3,HARD,3,60.04;61.68;62.43,2,0,0,0,
4,HARD,3,58.61;62.25;63.76,4,0,0,0,
5,HARD,3,59.76;57.71;63.49,3,0,0,0,
6,HARD,3,61.11;58.68;62.24,4,0,0,0,
7,HARD,4,58.48;57.21;59.83;59.71,5,0,0,0,
8,HARD,4,60.6;63.54;58.6;60.16,5,0,0,0,
9,HARD,3,58.42;60.12;61.67,3,0,0,0,
10,HARD,3,62.89;62.13;56.45,1,1,1,0,19.218
11,HARD,4,63.67;61.79;56.05;60.81,5,1,2,0,4.763;23.968
12,HARD,4,56.28;56.38;56.7;61.26,3,1,1,0,5.830
13,HARD,4,58.14;62.17;62.8;63.08,1,1,0,0,
14,HARD,4,58.98;60.8;58.3;63.39,3,1,3,0,0.665;7.372;5.603
15,HARD,3,62.85;57.31;58.55,1,1,1,0,7.749
16,HARD,4,62.76;56.15;56.48;61.73,4,0,0,0,
17,HARD,4,63.43;58.09;56.61;62.23,4,0,0,0,
18,HARD,3,62.88;63.73;59.54,4,0,0,0,
19,HARD,3,61.61;57.13;61.09,2,1,1,0,2.862

ensemble,runs,completed,comp_rate,hits,tot_openings,detect_rate,courses_found,n_with_breach,per_course_rate,loc_mean_mm,loc_std_mm,n_loc,fp_total,fp_per_course,skipped
SAFE,40,34,0.85,38,56,0.6785714285714286,28,34,0.8235294117647058,8.030916368379115,5.913983207669022,38,1,0.029411764705882353,0
HARD,20,9,0.45,15,22,0.6818181818181818,8,9,0.8888888888888888,8.167244845112767,6.104977665636513,15,0,0.0,0
