variant,course_id,n_legs,n_openings,completed,n_detected,n_false_positives,loc_errors_mm
FULL,0,3,2,1,2,0,32.520;22.739
FULL,1,3,2,1,2,0,4.413;9.014
FULL,2,3,2,0,0,0,
FULL,3,2,2,1,1,0,3.182
FULL,4,3,1,1,1,0,10.851
FULL,5,3,1,1,1,0,10.374
FULL,6,2,1,1,1,0,5.981
FULL,7,2,1,1,0,0,
FULL,8,2,2,1,1,0,0.322
FULL,9,2,1,1,1,0,7.246
FULL,10,3,1,1,1,0,3.769
FULL,11,2,1,1,1,0,6.779
FULL,12,3,2,1,1,0,8.573
FULL,13,3,2,0,0,0,
FULL,14,2,1,1,1,0,9.590
FULL,15,2,2,1,1,0,6.725
FULL,16,2,1,1,0,0,
FULL,17,2,2,1,2,0,2.520;4.082
FULL,18,3,2,1,1,0,7.605
FULL,19,2,2,0,0,0,
FULL,20,3,2,1,1,0,6.681
FULL,21,3,2,1,2,0,8.279;10.718
FULL,22,3,3,1,1,1,4.062
FULL,23,2,1,0,0,0,
FULL,24,2,1,1,0,0,
FULL,25,2,2,1,2,0,7.017;7.813
FULL,26,2,2,1,1,0,7.365
FULL,27,3,3,1,3,0,1.153;18.418;3.504
FULL,28,2,1,1,0,0,
FULL,29,3,2,1,2,0,3.547;11.182
FULL,30,2,2,1,1,0,4.763
FULL,31,3,3,1,2,0,2.519;6.182
FULL,32,3,3,0,0,0,
FULL,33,2,2,0,0,0,
FULL,34,2,1,1,0,0,
FULL,35,2,1,1,1,0,7.565
FULL,36,2,2,1,1,0,7.758
FULL,37,3,1,1,1,0,5.797
FULL,38,3,2,1,2,0,10.112;14.456
FULL,39,2,1,1,0,0,
NO_WINGWASH,0,3,2,0,0,0,
NO_WINGWASH,1,3,2,1,2,0,5.846;4.295
NO_WINGWASH,2,3,2,0,0,0,
NO_WINGWASH,3,2,2,1,1,0,12.295
NO_WINGWASH,4,3,1,1,1,0,11.700
NO_WINGWASH,5,3,1,1,1,0,2.662
NO_WINGWASH,6,2,1,1,1,0,1.584
NO_WINGWASH,7,2,1,1,0,0,
NO_WINGWASH,8,2,2,1,1,0,1.118
NO_WINGWASH,9,2,1,1,1,0,10.012
NO_WINGWASH,10,3,1,1,1,0,3.743
NO_WINGWASH,11,2,1,1,1,0,3.085
NO_WINGWASH,12,3,2,1,1,0,5.632
NO_WINGWASH,13,3,2,0,0,0,
NO_WINGWASH,14,2,1,1,1,0,8.510
NO_WINGWASH,15,2,2,1,1,1,5.569
NO_WINGWASH,16,2,1,1,1,0,5.421
NO_WINGWASH,17,2,2,1,2,0,6.447;14.741
NO_WINGWASH,18,3,2,1,1,0,8.526
NO_WINGWASH,19,2,2,0,0,0,
NO_WINGWASH,20,3,2,1,1,0,10.654
NO_WINGWASH,21,3,2,1,2,0,8.017;7.007
NO_WINGWASH,22,3,3,1,2,2,0.529;42.791
NO_WINGWASH,23,2,1,0,0,0,
NO_WINGWASH,24,2,1,0,0,0,
NO_WINGWASH,25,2,2,1,2,0,4.006;10.665
NO_WINGWASH,26,2,2,1,1,0,10.628
NO_WINGWASH,27,3,3,1,3,0,2.045;1.058;6.180
NO_WINGWASH,28,2,1,1,0,0,
NO_WINGWASH,29,3,2,1,2,0,5.735;7.407
NO_WINGWASH,30,2,2,1,1,0,9.890
NO_WINGWASH,31,3,3,1,3,0,26.077;3.877;2.750
NO_WINGWASH,32,3,3,1,3,0,0.291;8.885;8.630
NO_WINGWASH,33,2,2,0,0,0,
NO_WINGWASH,34,2,1,1,0,0,
NO_WINGWASH,35,2,1,1,1,0,27.035
NO_WINGWASH,36,2,2,1,1,0,10.490
NO_WINGWASH,37,3,1,1,1,0,8.348
NO_WINGWASH,38,3,2,1,2,0,10.120;8.520
NO_WINGWASH,39,2,1,1,0,0,
NO_FEELERS,0,3,2,0,0,0,
NO_FEELERS,1,3,2,1,0,0,
NO_FEELERS,2,3,2,1,0,0,
NO_FEELERS,3,2,2,0,0,0,
NO_FEELERS,4,3,1,0,0,0,
NO_FEELERS,5,3,1,0,0,0,
NO_FEELERS,6,2,1,0,0,0,
NO_FEELERS,7,2,1,1,0,0,
NO_FEELERS,8,2,2,1,0,0,
NO_FEELERS,9,2,1,0,0,0,
NO_FEELERS,10,3,1,1,0,0,
NO_FEELERS,11,2,1,0,0,0,
NO_FEELERS,12,3,2,0,0,0,
NO_FEELERS,13,3,2,0,0,0,
NO_FEELERS,14,2,1,0,0,0,
NO_FEELERS,15,2,2,0,0,0,
NO_FEELERS,16,2,1,1,0,0,
NO_FEELERS,17,2,2,0,0,0,
NO_FEELERS,18,3,2,0,0,0,
NO_FEELERS,19,2,2,0,0,0,
NO_FEELERS,20,3,2,0,0,0,
NO_FEELERS,21,3,2,0,0,0,
NO_FEELERS,22,3,3,0,0,0,
NO_FEELERS,23,2,1,0,0,0,
NO_FEELERS,24,2,1,1,0,0,
NO_FEELERS,25,2,2,0,0,0,
NO_FEELERS,26,2,2,1,0,0,
NO_FEELERS,27,3,3,0,0,0,
NO_FEELERS,28,2,1,0,0,0,
NO_FEELERS,29,3,2,0,0,0,
NO_FEELERS,30,2,2,1,0,0,
NO_FEELERS,31,3,3,0,0,0,
NO_FEELERS,32,3,3,0,0,0,
NO_FEELERS,33,2,2,0,0,0,
NO_FEELERS,34,2,1,0,0,0,
NO_FEELERS,35,2,1,1,0,0,
NO_FEELERS,36,2,2,1,0,0,
NO_FEELERS,37,3,1,1,0,0,
NO_FEELERS,38,3,2,0,0,0,
NO_FEELERS,39,2,1,0,0,0,
OPEN_LOOP,0,3,2,0,0,0,
OPEN_LOOP,1,3,2,0,0,0,
OPEN_LOOP,2,3,2,0,0,0,
OPEN_LOOP,3,2,2,0,0,0,
OPEN_LOOP,4,3,1,0,0,0,
OPEN_LOOP,5,3,1,0,0,0,
OPEN_LOOP,6,2,1,0,0,0,
OPEN_LOOP,7,2,1,0,0,0,
OPEN_LOOP,8,2,2,0,0,0,
OPEN_LOOP,9,2,1,0,0,0,
OPEN_LOOP,10,3,1,0,0,0,
OPEN_LOOP,11,2,1,0,0,0,
OPEN_LOOP,12,3,2,0,0,0,
OPEN_LOOP,13,3,2,0,0,0,
OPEN_LOOP,14,2,1,0,0,0,
OPEN_LOOP,15,2,2,0,0,0,
OPEN_LOOP,16,2,1,0,0,0,
OPEN_LOOP,17,2,2,0,0,0,
OPEN_LOOP,18,3,2,0,0,0,
OPEN_LOOP,19,2,2,0,0,0,
OPEN_LOOP,20,3,2,0,0,0,
OPEN_LOOP,21,3,2,0,0,0,
OPEN_LOOP,22,3,3,0,0,0,
OPEN_LOOP,23,2,1,0,0,0,
OPEN_LOOP,24,2,1,0,0,0,
OPEN_LOOP,25,2,2,0,0,0,
OPEN_LOOP,26,2,2,0,0,0,
OPEN_LOOP,27,3,3,0,0,0,
OPEN_LOOP,28,2,1,0,0,0,
OPEN_LOOP,29,3,2,0,0,0,
OPEN_LOOP,30,2,2,0,0,0,
OPEN_LOOP,31,3,3,0,0,0,
OPEN_LOOP,32,3,3,0,0,0,
OPEN_LOOP,33,2,2,0,0,0,
OPEN_LOOP,34,2,1,0,0,0,
OPEN_LOOP,35,2,1,0,0,0,
OPEN_LOOP,36,2,2,0,0,0,
OPEN_LOOP,37,3,1,0,0,0,
OPEN_LOOP,38,3,2,0,0,0,
OPEN_LOOP,39,2,1,0,0,0,

variant,runs,completed,comp_rate,hits,tot_openings,detect_rate,courses_found,n_with_breach,per_passage_rate,loc_mean_mm,loc_std_mm,n_loc,fp_total,fp_per_course
FULL,40,34,0.85,38,56,0.6785714285714286,28,34,0.8235294117647058,8.030916368379115,5.913983207669022,38,1,0.029411764705882353
NO_WINGWASH,40,33,0.825,42,56,0.75,29,33,0.8787878787878788,8.400481473018068,7.68313073852738,42,3,0.09090909090909091
NO_FEELERS,40,12,0.3,0,18,0.0,0,12,0.0,,,0,0,0.0
OPEN_LOOP,40,0,0.0,0,0,0.0,0,0,0.0,,,0,0,0.0
