variant,course_id,n_legs,n_openings,completed,crashed,min_clear_mm,n_detected,n_false_positives,loc_errors_mm
FULL,0,3,2,1,1,10.034317502506898,2,0,38.187;23.676
FULL,1,3,2,1,0,22.140790172445854,2,0,0.497;6.976
FULL,2,3,2,0,1,2.870948859550808,0,0,
FULL,3,2,2,1,0,21.041035110566696,1,0,1.321
FULL,4,3,1,1,0,22.740737055650236,1,0,10.384
FULL,5,3,1,1,0,23.749362974131266,1,0,8.837
FULL,6,2,1,1,0,21.327808926589977,1,0,4.796
FULL,7,2,1,1,0,26.050059649375406,0,0,
FULL,8,2,2,1,1,11.557890069785822,1,0,2.785
FULL,9,2,1,1,0,24.127156083971013,1,0,5.123
FULL,10,3,1,1,0,24.842197357717357,1,0,1.397
FULL,11,2,1,1,0,19.31112755869373,1,0,4.774
FULL,12,3,2,1,0,23.01468938601544,1,0,5.317
FULL,13,3,2,0,0,16.4349599909174,0,0,
FULL,14,2,1,1,0,21.429915670474312,1,0,10.838
FULL,15,2,2,1,0,17.174187207695212,1,0,8.736
FULL,16,2,1,1,0,15.876601385976883,1,0,6.908
FULL,17,2,2,1,0,20.96165260366582,2,0,1.431;6.926
FULL,18,3,2,1,0,19.02976995728201,2,0,6.784;7.251
FULL,19,2,2,0,0,15.668438848024557,0,0,
FULL,20,3,2,1,0,15.756176515105327,1,0,8.878
FULL,21,3,2,1,0,22.806922876151376,2,0,7.956;3.201
FULL,22,3,3,1,1,9.661936741821256,1,1,2.905
FULL,23,2,1,1,0,16.4204989726971,1,0,28.882
FULL,24,2,1,1,1,11.829419754719451,0,0,
FULL,25,2,2,1,0,18.054580478700235,2,0,3.815;7.584
FULL,26,2,2,1,0,16.516731737462656,1,0,7.312
FULL,27,3,3,1,0,23.377834266316334,3,0,0.649;2.618;6.910
FULL,28,2,1,1,0,20.66281236014499,0,0,
FULL,29,3,2,1,0,25.837867048335244,2,0,4.952;8.827
FULL,30,2,2,1,0,26.47458823802779,1,0,4.935
FULL,31,3,3,1,0,15.34086046924674,2,0,3.459;18.316
FULL,32,3,3,1,0,19.06261238672852,3,0,2.711;11.315;7.173
FULL,33,2,2,0,0,16.22675644440623,0,0,
FULL,34,2,1,1,0,16.817863100596966,0,0,
FULL,35,2,1,1,0,17.454557910295062,1,0,5.109
FULL,36,2,2,0,1,2.240325231560041,0,0,
FULL,37,3,1,1,0,22.19799958746623,1,0,6.696
FULL,38,3,2,1,0,23.955614478317436,2,0,12.609;9.514
FULL,39,2,1,1,1,11.503722838070024,0,0,
NO_WINGWASH,0,3,2,0,0,17.778732856184956,0,0,
NO_WINGWASH,1,3,2,1,0,22.639998230772044,2,0,1.652;11.975
NO_WINGWASH,2,3,2,0,1,1.6220534241258622,0,0,
NO_WINGWASH,3,2,2,1,0,19.534638156142393,1,0,4.984
NO_WINGWASH,4,3,1,1,0,22.38555661153528,1,0,7.919
NO_WINGWASH,5,3,1,1,0,23.7366989738996,1,0,10.004
NO_WINGWASH,6,2,1,1,0,20.805113187616385,1,0,9.050
NO_WINGWASH,7,2,1,1,0,27.544018596246712,0,0,
NO_WINGWASH,8,2,2,1,1,11.905721419165284,1,0,5.877
NO_WINGWASH,9,2,1,1,0,23.368096624472972,1,0,5.040
NO_WINGWASH,10,3,1,1,0,24.503337136797775,1,0,4.194
NO_WINGWASH,11,2,1,1,0,20.76116399204834,1,0,2.718
NO_WINGWASH,12,3,2,1,0,20.527964698793443,1,0,8.246
NO_WINGWASH,13,3,2,0,1,10.201682265241724,0,0,
NO_WINGWASH,14,2,1,1,0,17.89261325959594,1,0,13.728
NO_WINGWASH,15,2,2,1,0,17.242931222393356,1,0,4.359
NO_WINGWASH,16,2,1,1,0,19.164442940878104,1,0,2.627
NO_WINGWASH,17,2,2,1,0,18.994982539318492,2,0,4.155;8.816
NO_WINGWASH,18,3,2,1,0,15.85577164774649,2,0,12.772;10.269
NO_WINGWASH,19,2,2,0,0,15.434195604999147,0,0,
NO_WINGWASH,20,3,2,1,0,17.16460596349649,1,0,9.818
NO_WINGWASH,21,3,2,1,0,23.5041663637572,2,0,10.481;9.214
NO_WINGWASH,22,3,3,1,1,7.773872229357441,1,1,2.872
NO_WINGWASH,23,2,1,0,1,3.2253760753953906,0,0,
NO_WINGWASH,24,2,1,1,1,10.77175300760726,0,0,
NO_WINGWASH,25,2,2,1,0,13.563190055913791,2,0,7.365;25.269
NO_WINGWASH,26,2,2,1,0,16.494909976394652,1,0,9.344
NO_WINGWASH,27,3,3,1,0,21.640889818157596,3,0,1.542;2.951;0.952
NO_WINGWASH,28,2,1,1,0,20.894245640118633,0,0,
NO_WINGWASH,29,3,2,1,0,25.226268104361928,2,0,3.039;11.521
NO_WINGWASH,30,2,2,1,0,27.964022630414423,1,0,8.913
NO_WINGWASH,31,3,3,1,0,14.73302221031363,3,0,27.613;6.720;5.730
NO_WINGWASH,32,3,3,1,0,16.135342072453792,3,0,1.608;14.436;17.361
NO_WINGWASH,33,2,2,0,0,17.15508246353935,0,0,
NO_WINGWASH,34,2,1,1,0,16.647525559620654,0,0,
NO_WINGWASH,35,2,1,1,0,16.743266791578513,1,0,7.105
NO_WINGWASH,36,2,2,0,1,7.306977265293228,0,0,
NO_WINGWASH,37,3,1,1,0,22.22560978934371,1,0,7.076
NO_WINGWASH,38,3,2,1,0,23.219358172539142,2,0,7.983;17.883
NO_WINGWASH,39,2,1,0,1,2.091719814616926,0,0,
NO_FEELERS,0,3,2,0,1,6.9117317830012555,0,0,
NO_FEELERS,1,3,2,0,0,18.60234894303418,0,0,
NO_FEELERS,2,3,2,1,0,17.46762804072548,0,0,
NO_FEELERS,3,2,2,0,0,13.881779037573535,0,0,
NO_FEELERS,4,3,1,1,0,19.450002099659223,0,0,
NO_FEELERS,5,3,1,0,1,9.734531902908007,0,0,
NO_FEELERS,6,2,1,1,0,16.726690503124033,0,0,
NO_FEELERS,7,2,1,0,0,15.901360398453381,0,0,
NO_FEELERS,8,2,2,1,1,10.889323881967016,0,0,
NO_FEELERS,9,2,1,0,0,18.093020068422316,0,0,
NO_FEELERS,10,3,1,1,0,18.955971803065854,0,0,
NO_FEELERS,11,2,1,1,0,18.81448455138696,0,0,
NO_FEELERS,12,3,2,0,1,12.553428191728157,0,0,
NO_FEELERS,13,3,2,0,1,9.384724993610021,0,0,
NO_FEELERS,14,2,1,0,0,18.412462999550335,0,0,
NO_FEELERS,15,2,2,0,1,7.4789627951486795,0,0,
NO_FEELERS,16,2,1,0,1,9.863457968559286,0,0,
NO_FEELERS,17,2,2,1,0,18.976344488816526,0,0,
NO_FEELERS,18,3,2,0,0,13.764276328826211,0,0,
NO_FEELERS,19,2,2,0,0,17.179679483424216,0,0,
NO_FEELERS,20,3,2,1,0,18.740320702462903,0,0,
NO_FEELERS,21,3,2,0,0,13.710942113432521,0,0,
NO_FEELERS,22,3,3,0,0,14.295267904903934,0,0,
NO_FEELERS,23,2,1,0,1,10.133108764518523,0,0,
NO_FEELERS,24,2,1,1,0,18.913209289038505,0,0,
NO_FEELERS,25,2,2,0,0,14.681297400953557,0,0,
NO_FEELERS,26,2,2,1,0,19.540380392484295,0,0,
NO_FEELERS,27,3,3,1,0,16.513632553846076,0,0,
NO_FEELERS,28,2,1,1,0,19.66902164996723,0,0,
NO_FEELERS,29,3,2,0,1,10.880749254408798,0,0,
NO_FEELERS,30,2,2,0,0,17.22193521878112,0,0,
NO_FEELERS,31,3,3,0,1,10.845394875211873,0,0,
NO_FEELERS,32,3,3,0,0,18.661855326988533,0,0,
NO_FEELERS,33,2,2,0,0,16.47865867235612,0,0,
NO_FEELERS,34,2,1,1,0,19.634323569981714,0,0,
NO_FEELERS,35,2,1,1,0,18.870246864564624,0,0,
NO_FEELERS,36,2,2,1,0,19.471472595668008,0,0,
NO_FEELERS,37,3,1,0,0,18.398570055664273,0,0,
NO_FEELERS,38,3,2,1,0,18.53606849210116,0,0,
NO_FEELERS,39,2,1,0,1,7.214943359174144,0,0,
OPEN_LOOP,0,3,2,0,1,0.07740536603470083,0,0,
OPEN_LOOP,1,3,2,0,1,0.001124248518007305,0,0,
OPEN_LOOP,2,3,2,0,1,0.09820533658865244,0,0,
OPEN_LOOP,3,2,2,0,1,0.0010689066146521778,0,0,
OPEN_LOOP,4,3,1,0,1,0.6590121440075486,0,0,
OPEN_LOOP,5,3,1,0,1,0.08981338428172644,0,0,
OPEN_LOOP,6,2,1,0,1,0.01112410755035962,0,0,
OPEN_LOOP,7,2,1,0,1,0.646949273641566,0,0,
OPEN_LOOP,8,2,2,0,1,0.0722249046010105,0,0,
OPEN_LOOP,9,2,1,0,1,0.00794259908955177,0,0,
OPEN_LOOP,10,3,1,0,1,0.020161783961109882,0,0,
OPEN_LOOP,11,2,1,0,1,0.2195489082505485,0,0,
OPEN_LOOP,12,3,2,0,1,0.19011214803724402,0,0,
OPEN_LOOP,13,3,2,0,1,0.32319548619109006,0,0,
OPEN_LOOP,14,2,1,0,1,0.43804953867160756,0,0,
OPEN_LOOP,15,2,2,0,1,0.12845924604591286,0,0,
OPEN_LOOP,16,2,1,0,1,0.6256288842257972,0,0,
OPEN_LOOP,17,2,2,0,1,0.6771876335315606,0,0,
OPEN_LOOP,18,3,2,0,1,0.22621726693527067,0,0,
OPEN_LOOP,19,2,2,0,1,0.544492189409487,0,0,
OPEN_LOOP,20,3,2,0,1,0.6725927193442123,0,0,
OPEN_LOOP,21,3,2,0,1,0.778648087736593,0,0,
OPEN_LOOP,22,3,3,0,1,0.087025873179521,0,0,
OPEN_LOOP,23,2,1,0,1,0.22220104340741742,0,0,
OPEN_LOOP,24,2,1,0,1,0.10819876193252173,0,0,
OPEN_LOOP,25,2,2,0,1,0.1575489635951598,0,0,
OPEN_LOOP,26,2,2,0,1,0.023079244468339304,0,0,
OPEN_LOOP,27,3,3,0,1,0.3653380780394887,0,0,
OPEN_LOOP,28,2,1,0,1,0.027729028156263553,0,0,
OPEN_LOOP,29,3,2,0,1,0.1308366235252033,0,0,
OPEN_LOOP,30,2,2,0,1,0.7203045603037016,0,0,
OPEN_LOOP,31,3,3,0,1,0.005620737454082626,0,0,
OPEN_LOOP,32,3,3,0,1,0.5820301446597996,0,0,
OPEN_LOOP,33,2,2,0,1,0.22185388280441132,0,0,
OPEN_LOOP,34,2,1,0,1,0.49020429323918224,0,0,
OPEN_LOOP,35,2,1,0,1,0.07710397235808318,0,0,
OPEN_LOOP,36,2,2,0,1,0.2977915146801175,0,0,
OPEN_LOOP,37,3,1,0,1,0.1563605542522226,0,0,
OPEN_LOOP,38,3,2,0,1,0.5986148085559652,0,0,
OPEN_LOOP,39,2,1,0,1,0.34922575230797015,0,0,

variant,runs,completed,comp_rate,hits,tot_openings,detect_rate,courses_found,n_with_breach,per_passage_rate,loc_mean_mm,loc_std_mm,n_loc,fp_total,fp_per_course
FULL,40,35,0.875,43,58,0.7413793103448276,30,35,0.8571428571428571,7.889947304615221,7.210649905767811,43,1,0.02857142857142857
NO_WINGWASH,40,32,0.8,41,54,0.7592592592592593,28,32,0.875,8.41899750596166,5.823042023073319,41,1,0.03125
NO_FEELERS,40,16,0.4,0,25,0.0,0,16,0.0,,,0,0,0.0
OPEN_LOOP,40,0,0.0,0,0,0.0,0,0,0.0,,,0,0,0.0
