part,variant,rate_hz,course_id,n_legs,n_openings,completed,crashed,min_clear_mm,n_detected,n_false_positives,loc_errors_mm,gap_x_Wd,gap_mm,outcome,peak_y_mm
part1,FULL,,0,,,1,1,12.584604499442612,,,,,,,
part1,FULL,,1,,,1,0,21.150483612709888,,,,,,,
part1,FULL,,2,,,0,1,1.028463884319546,,,,,,,
part1,FULL,,3,,,1,0,22.294725879072374,,,,,,,
part1,FULL,,4,,,1,0,21.60083807358686,,,,,,,
part1,FULL,,5,,,1,0,24.436818632313397,,,,,,,
part1,FULL,,6,,,1,0,21.765697488366907,,,,,,,
part1,FULL,,7,,,1,0,26.94037711312067,,,,,,,
part1,FULL,,8,,,1,1,10.846539517792156,,,,,,,
part1,FULL,,9,,,1,0,23.226628739123434,,,,,,,
part1,FULL,,10,,,1,0,23.98568654453348,,,,,,,
part1,FULL,,11,,,1,0,21.096522731947566,,,,,,,
part1,FULL,,12,,,1,0,21.15823903489819,,,,,,,
part1,FULL,,13,,,0,1,11.073377673822723,,,,,,,
part1,FULL,,14,,,1,0,21.05371879965379,,,,,,,
part1,FULL,,15,,,1,0,19.13774382040522,,,,,,,
part1,FULL,,16,,,1,0,14.844670203256808,,,,,,,
part1,FULL,,17,,,1,0,20.0844022213817,,,,,,,
part1,FULL,,18,,,1,0,19.124158665326966,,,,,,,
part1,FULL,,19,,,0,0,16.923437784324513,,,,,,,
part1,FULL,,20,,,1,0,15.755154694703785,,,,,,,
part1,FULL,,21,,,1,0,22.948466808444646,,,,,,,
part1,FULL,,22,,,1,1,2.173036576848979,,,,,,,
part1,FULL,,23,,,0,1,12.481579279649477,,,,,,,
part1,FULL,,24,,,1,0,15.553664190951386,,,,,,,
part1,FULL,,25,,,1,0,17.65824597583971,,,,,,,
part1,FULL,,26,,,1,0,18.018028900868465,,,,,,,
part1,FULL,,27,,,1,0,15.377038118586654,,,,,,,
part1,FULL,,28,,,1,0,17.323722518123258,,,,,,,
part1,FULL,,29,,,1,0,26.166051079361583,,,,,,,
part1,FULL,,30,,,1,0,27.305840857188322,,,,,,,
part1,FULL,,31,,,1,0,15.553682330530352,,,,,,,
part1,FULL,,32,,,0,0,22.40067576551025,,,,,,,
part1,FULL,,33,,,0,0,17.47595244156136,,,,,,,
part1,FULL,,34,,,1,0,15.54084877053347,,,,,,,
part1,FULL,,35,,,1,0,18.135148794813425,,,,,,,
part1,FULL,,36,,,1,0,14.85884232796843,,,,,,,
part1,FULL,,37,,,1,0,20.783100968980595,,,,,,,
part1,FULL,,38,,,1,0,24.277252543076635,,,,,,,
part1,FULL,,39,,,1,1,12.667953767504448,,,,,,,
part1,NO_WINGWASH,,0,,,0,0,16.178559618547606,,,,,,,
part1,NO_WINGWASH,,1,,,1,0,22.94663840633979,,,,,,,
part1,NO_WINGWASH,,2,,,0,1,6.531446036067408,,,,,,,
part1,NO_WINGWASH,,3,,,1,0,17.734947428850905,,,,,,,
part1,NO_WINGWASH,,4,,,1,0,21.490619332551066,,,,,,,
part1,NO_WINGWASH,,5,,,1,0,24.353269916759366,,,,,,,
part1,NO_WINGWASH,,6,,,1,0,22.234512131128596,,,,,,,
part1,NO_WINGWASH,,7,,,1,0,28.249504240242256,,,,,,,
part1,NO_WINGWASH,,8,,,1,1,10.63043722233175,,,,,,,
part1,NO_WINGWASH,,9,,,1,0,23.330802720923273,,,,,,,
part1,NO_WINGWASH,,10,,,1,0,23.311789840025856,,,,,,,
part1,NO_WINGWASH,,11,,,1,0,21.772410037009795,,,,,,,
part1,NO_WINGWASH,,12,,,1,0,21.538238901926253,,,,,,,
part1,NO_WINGWASH,,13,,,0,0,18.49544947020654,,,,,,,
part1,NO_WINGWASH,,14,,,1,0,20.522041371160373,,,,,,,
part1,NO_WINGWASH,,15,,,1,0,18.729660830862436,,,,,,,
part1,NO_WINGWASH,,16,,,1,0,16.945059962484052,,,,,,,
part1,NO_WINGWASH,,17,,,1,0,18.80133996994773,,,,,,,
part1,NO_WINGWASH,,18,,,1,0,19.36760519194056,,,,,,,
part1,NO_WINGWASH,,19,,,0,0,14.573213408940115,,,,,,,
part1,NO_WINGWASH,,20,,,1,1,13.202866960673926,,,,,,,
part1,NO_WINGWASH,,21,,,1,0,23.021480594440447,,,,,,,
part1,NO_WINGWASH,,22,,,1,1,10.091860674089041,,,,,,,
part1,NO_WINGWASH,,23,,,0,1,9.807121961165343,,,,,,,
part1,NO_WINGWASH,,24,,,0,1,11.660028899395412,,,,,,,
part1,NO_WINGWASH,,25,,,1,0,18.408032214379038,,,,,,,
part1,NO_WINGWASH,,26,,,1,0,19.230856853953455,,,,,,,
part1,NO_WINGWASH,,27,,,1,0,20.557392684169788,,,,,,,
part1,NO_WINGWASH,,28,,,1,0,19.40315760263504,,,,,,,
part1,NO_WINGWASH,,29,,,1,0,25.824184100274017,,,,,,,
part1,NO_WINGWASH,,30,,,1,0,25.48263078658736,,,,,,,
part1,NO_WINGWASH,,31,,,1,0,15.951858392147463,,,,,,,
part1,NO_WINGWASH,,32,,,1,0,19.31977489824244,,,,,,,
part1,NO_WINGWASH,,33,,,0,0,14.916883330491743,,,,,,,
part1,NO_WINGWASH,,34,,,1,0,15.903896180910957,,,,,,,
part1,NO_WINGWASH,,35,,,1,1,12.919579950371421,,,,,,,
part1,NO_WINGWASH,,36,,,1,0,18.2967242298349,,,,,,,
part1,NO_WINGWASH,,37,,,1,0,21.149378369615427,,,,,,,
part1,NO_WINGWASH,,38,,,1,0,22.93088017806423,,,,,,,
part1,NO_WINGWASH,,39,,,1,0,21.20607287470436,,,,,,,
part2,FULL,,0,3,3,1,0,15.531669041081452,3,0,3.288;12.760;6.943,,,,
part2,FULL,,1,3,3,0,1,2.8654577231934417,0,0,,,,,
part2,FULL,,2,4,3,1,0,15.51352648425625,3,0,2.800;8.882;9.804,,,,
part2,FULL,,3,3,2,0,1,11.12917514135731,0,0,,,,,
part2,FULL,,4,3,4,0,1,2.3665553102808534,0,0,,,,,
part2,FULL,,5,3,3,0,1,2.46482320986408,0,0,,,,,
part2,FULL,,6,3,4,0,1,2.8542587265729713,0,0,,,,,
part2,FULL,,7,4,5,0,0,13.610106032825861,0,0,,,,,
part2,FULL,,8,4,5,0,1,4.998097149270337,0,0,,,,,
part2,FULL,,9,3,3,0,1,12.197223026176086,0,0,,,,,
part2,FULL,,10,3,1,1,0,14.36585431878438,1,0,19.218,,,,
part2,FULL,,11,4,5,1,1,12.395753314687594,2,0,4.763;23.968,,,,
part2,FULL,,12,4,3,1,1,12.775845320751914,1,0,5.830,,,,
part2,FULL,,13,4,1,1,0,14.070826259700304,0,0,,,,,
part2,FULL,,14,4,3,1,0,14.538630974287464,3,0,0.665;7.372;5.603,,,,
part2,FULL,,15,3,1,1,1,12.803390434763532,1,0,7.749,,,,
part2,FULL,,16,4,4,0,1,10.091188900849483,0,0,,,,,
part2,FULL,,17,4,4,0,1,2.0916557909305906,0,0,,,,,
part2,FULL,,18,3,4,0,1,3.0707317465424087,0,0,,,,,
part2,FULL,,19,3,2,1,1,8.772548836514186,1,0,2.862,,,,
part2,NO_WINGWASH,,0,3,3,0,1,1.2701084438012906,0,0,,,,,
part2,NO_WINGWASH,,1,3,3,0,1,3.851377308769559,0,0,,,,,
part2,NO_WINGWASH,,2,4,3,1,0,13.657813292646471,3,0,2.457;28.372;6.483,,,,
part2,NO_WINGWASH,,3,3,2,1,0,16.404888890000223,1,0,19.365,,,,
part2,NO_WINGWASH,,4,3,4,0,1,4.334868394091922,0,0,,,,,
part2,NO_WINGWASH,,5,3,3,0,1,1.8020631126780307,0,0,,,,,
part2,NO_WINGWASH,,6,3,4,0,1,2.956712354944467,0,0,,,,,
part2,NO_WINGWASH,,7,4,5,1,0,13.316407748919984,3,0,4.611;0.743;20.657,,,,
part2,NO_WINGWASH,,8,4,5,0,1,6.3769249209729475,0,0,,,,,
part2,NO_WINGWASH,,9,3,3,0,1,10.163851958011897,0,0,,,,,
part2,NO_WINGWASH,,10,3,1,0,1,8.35855033935954,0,0,,,,,
part2,NO_WINGWASH,,11,4,5,0,0,13.548449196848066,0,0,,,,,
part2,NO_WINGWASH,,12,4,3,1,1,4.070056881024448,1,0,3.503,,,,
part2,NO_WINGWASH,,13,4,1,1,1,12.458900767685012,0,0,,,,,
part2,NO_WINGWASH,,14,4,3,1,0,14.096874650595831,3,0,0.629;9.158;0.729,,,,
part2,NO_WINGWASH,,15,3,1,1,1,4.495408987179569,1,0,18.087,,,,
part2,NO_WINGWASH,,16,4,4,0,1,5.820068350525569,0,0,,,,,
part2,NO_WINGWASH,,17,4,4,0,1,2.8325888148939975,0,0,,,,,
part2,NO_WINGWASH,,18,3,4,0,0,16.419582416207145,0,0,,,,,
part2,NO_WINGWASH,,19,3,2,0,1,6.44658494330289,0,0,,,,,
part2,NO_FEELERS,,0,3,3,0,0,13.851248976851004,0,0,,,,,
part2,NO_FEELERS,,1,3,3,0,1,4.714677033376717,0,0,,,,,
part2,NO_FEELERS,,2,4,3,0,1,12.454103478787799,0,0,,,,,
part2,NO_FEELERS,,3,3,2,0,0,15.175563920483404,0,0,,,,,
part2,NO_FEELERS,,4,3,4,0,1,5.299557266279097,0,0,,,,,
part2,NO_FEELERS,,5,3,3,0,1,8.72490246270795,0,0,,,,,
part2,NO_FEELERS,,6,3,4,0,0,14.44503846588611,0,0,,,,,
part2,NO_FEELERS,,7,4,5,0,1,9.768255258710726,0,0,,,,,
part2,NO_FEELERS,,8,4,5,0,0,18.21650354841359,0,0,,,,,
part2,NO_FEELERS,,9,3,3,0,1,5.995911689712628,0,0,,,,,
part2,NO_FEELERS,,10,3,1,1,1,6.577398627557467,0,0,,,,,
part2,NO_FEELERS,,11,4,5,0,1,9.748236538462658,0,0,,,,,
part2,NO_FEELERS,,12,4,3,1,1,13.108318977153049,0,0,,,,,
part2,NO_FEELERS,,13,4,1,1,1,9.996083114105938,0,0,,,,,
part2,NO_FEELERS,,14,4,3,1,0,14.149075361483286,0,0,,,,,
part2,NO_FEELERS,,15,3,1,0,1,6.181660892397492,0,0,,,,,
part2,NO_FEELERS,,16,4,4,0,1,6.763452595516291,0,0,,,,,
part2,NO_FEELERS,,17,4,4,0,1,5.561632846302316,0,0,,,,,
part2,NO_FEELERS,,18,3,4,0,1,6.950172842127581,0,0,,,,,
part2,NO_FEELERS,,19,3,2,0,0,18.23689721472522,0,0,,,,,
part2,OPEN_LOOP,,0,3,3,0,1,0.149687133764201,0,0,,,,,
part2,OPEN_LOOP,,1,3,3,0,1,0.5090679858638968,0,0,,,,,
part2,OPEN_LOOP,,2,4,3,0,1,0.12982860504888016,0,0,,,,,
part2,OPEN_LOOP,,3,3,2,0,1,0.20358481512391513,0,0,,,,,
part2,OPEN_LOOP,,4,3,4,0,1,2.042381760670073,0,0,,,,,
part2,OPEN_LOOP,,5,3,3,0,1,0.05523655020114437,0,0,,,,,
part2,OPEN_LOOP,,6,3,4,0,1,0.16499205627118052,0,0,,,,,
part2,OPEN_LOOP,,7,4,5,0,1,0.0041394300100928635,0,0,,,,,
part2,OPEN_LOOP,,8,4,5,0,1,0.07809579573412034,0,0,,,,,
part2,OPEN_LOOP,,9,3,3,0,1,0.0182845222303123,0,0,,,,,
part2,OPEN_LOOP,,10,3,1,0,1,0.07529345025681244,0,0,,,,,
part2,OPEN_LOOP,,11,4,5,0,1,0.31378101160253485,0,0,,,,,
part2,OPEN_LOOP,,12,4,3,0,1,0.18896924158467565,0,0,,,,,
part2,OPEN_LOOP,,13,4,1,0,1,0.7710748809342336,0,0,,,,,
part2,OPEN_LOOP,,14,4,3,0,1,0.6221998832547032,0,0,,,,,
part2,OPEN_LOOP,,15,3,1,0,1,0.6001242578087028,0,0,,,,,
part2,OPEN_LOOP,,16,4,4,0,1,0.1224404989627016,0,0,,,,,
part2,OPEN_LOOP,,17,4,4,0,1,0.03174088046783551,0,0,,,,,
part2,OPEN_LOOP,,18,3,4,0,1,0.19109453717185576,0,0,,,,,
part2,OPEN_LOOP,,19,3,2,0,1,0.26384021630617305,0,0,,,,,
part3,FULL,1000,0,,,1,1,12.584604499442612,,,,,,,
part3,FULL,1000,1,,,1,0,21.150483612709888,,,,,,,
part3,FULL,1000,2,,,0,1,1.028463884319546,,,,,,,
part3,FULL,1000,3,,,1,0,22.294725879072374,,,,,,,
part3,FULL,1000,4,,,1,0,21.60083807358686,,,,,,,
part3,FULL,1000,5,,,1,0,24.436818632313397,,,,,,,
part3,FULL,1000,6,,,1,0,21.765697488366907,,,,,,,
part3,FULL,1000,7,,,1,0,26.94037711312067,,,,,,,
part3,FULL,1000,8,,,1,1,10.846539517792156,,,,,,,
part3,FULL,1000,9,,,1,0,23.226628739123434,,,,,,,
part3,FULL,1000,10,,,1,0,23.98568654453348,,,,,,,
part3,FULL,1000,11,,,1,0,21.096522731947566,,,,,,,
part3,FULL,1000,12,,,1,0,21.15823903489819,,,,,,,
part3,FULL,1000,13,,,0,1,11.073377673822723,,,,,,,
part3,FULL,1000,14,,,1,0,21.05371879965379,,,,,,,
part3,FULL,500,0,,,1,0,15.642882569482072,,,,,,,
part3,FULL,500,1,,,1,0,21.002028330706917,,,,,,,
part3,FULL,500,2,,,1,0,13.590625519695392,,,,,,,
part3,FULL,500,3,,,1,0,22.47356192841382,,,,,,,
part3,FULL,500,4,,,1,0,22.312308972741867,,,,,,,
part3,FULL,500,5,,,1,0,19.637559940482305,,,,,,,
part3,FULL,500,6,,,1,0,19.174323481870097,,,,,,,
part3,FULL,500,7,,,1,0,20.80839758619438,,,,,,,
part3,FULL,500,8,,,1,0,20.211547593647825,,,,,,,
part3,FULL,500,9,,,1,0,24.943958122715635,,,,,,,
part3,FULL,500,10,,,1,0,21.239081455239702,,,,,,,
part3,FULL,500,11,,,1,0,21.076988801610494,,,,,,,
part3,FULL,500,12,,,0,1,6.815981879417445,,,,,,,
part3,FULL,500,13,,,0,0,17.738743649014808,,,,,,,
part3,FULL,500,14,,,1,0,21.968750396642452,,,,,,,
part3,FULL,250,0,,,0,1,1.8567017666193164,,,,,,,
part3,FULL,250,1,,,1,1,8.10421083024125,,,,,,,
part3,FULL,250,2,,,1,1,11.237739099767218,,,,,,,
part3,FULL,250,3,,,1,0,22.309252564875194,,,,,,,
part3,FULL,250,4,,,1,0,18.43721800485051,,,,,,,
part3,FULL,250,5,,,1,0,21.08972471617954,,,,,,,
part3,FULL,250,6,,,1,0,20.954614605091628,,,,,,,
part3,FULL,250,7,,,0,1,2.3035302463734504,,,,,,,
part3,FULL,250,8,,,1,1,10.807590133687716,,,,,,,
part3,FULL,250,9,,,1,0,23.71400694529047,,,,,,,
part3,FULL,250,10,,,1,0,24.364886594697484,,,,,,,
part3,FULL,250,11,,,1,0,17.02173651791773,,,,,,,
part3,FULL,250,12,,,0,1,4.862620463013879,,,,,,,
part3,FULL,250,13,,,0,1,0.6023692078429609,,,,,,,
part3,FULL,250,14,,,1,0,21.25567026027145,,,,,,,
part3,NO_WINGWASH,1000,0,,,0,0,16.178559618547606,,,,,,,
part3,NO_WINGWASH,1000,1,,,1,0,22.94663840633979,,,,,,,
part3,NO_WINGWASH,1000,2,,,0,1,6.531446036067408,,,,,,,
part3,NO_WINGWASH,1000,3,,,1,0,17.734947428850905,,,,,,,
part3,NO_WINGWASH,1000,4,,,1,0,21.490619332551066,,,,,,,
part3,NO_WINGWASH,1000,5,,,1,0,24.353269916759366,,,,,,,
part3,NO_WINGWASH,1000,6,,,1,0,22.234512131128596,,,,,,,
part3,NO_WINGWASH,1000,7,,,1,0,28.249504240242256,,,,,,,
part3,NO_WINGWASH,1000,8,,,1,1,10.63043722233175,,,,,,,
part3,NO_WINGWASH,1000,9,,,1,0,23.330802720923273,,,,,,,
part3,NO_WINGWASH,1000,10,,,1,0,23.311789840025856,,,,,,,
part3,NO_WINGWASH,1000,11,,,1,0,21.772410037009795,,,,,,,
part3,NO_WINGWASH,1000,12,,,1,0,21.538238901926253,,,,,,,
part3,NO_WINGWASH,1000,13,,,0,0,18.49544947020654,,,,,,,
part3,NO_WINGWASH,1000,14,,,1,0,20.522041371160373,,,,,,,
part3,NO_WINGWASH,500,0,,,1,0,16.874778930120215,,,,,,,
part3,NO_WINGWASH,500,1,,,1,1,8.651579519576718,,,,,,,
part3,NO_WINGWASH,500,2,,,1,0,15.034941401371846,,,,,,,
part3,NO_WINGWASH,500,3,,,1,0,21.11831470903689,,,,,,,
part3,NO_WINGWASH,500,4,,,1,1,11.845600256843257,,,,,,,
part3,NO_WINGWASH,500,5,,,1,0,20.248392012786862,,,,,,,
part3,NO_WINGWASH,500,6,,,1,0,22.471764675917363,,,,,,,
part3,NO_WINGWASH,500,7,,,1,0,18.881392404779042,,,,,,,
part3,NO_WINGWASH,500,8,,,1,0,18.49179686508057,,,,,,,
part3,NO_WINGWASH,500,9,,,1,0,22.35113560339077,,,,,,,
part3,NO_WINGWASH,500,10,,,1,0,22.3729683856965,,,,,,,
part3,NO_WINGWASH,500,11,,,0,1,12.220282724736961,,,,,,,
part3,NO_WINGWASH,500,12,,,0,0,15.349598596658748,,,,,,,
part3,NO_WINGWASH,500,13,,,1,0,16.61845643404267,,,,,,,
part3,NO_WINGWASH,500,14,,,1,0,22.074116500361317,,,,,,,
part3,NO_WINGWASH,250,0,,,1,1,5.534763004416167,,,,,,,
part3,NO_WINGWASH,250,1,,,0,1,11.755669987404525,,,,,,,
part3,NO_WINGWASH,250,2,,,1,1,11.35069507509006,,,,,,,
part3,NO_WINGWASH,250,3,,,1,0,18.084340088216166,,,,,,,
part3,NO_WINGWASH,250,4,,,0,1,0.7887170609897675,,,,,,,
part3,NO_WINGWASH,250,5,,,1,0,19.225483432987666,,,,,,,
part3,NO_WINGWASH,250,6,,,1,0,17.47950955176282,,,,,,,
part3,NO_WINGWASH,250,7,,,1,0,22.046298769175607,,,,,,,
part3,NO_WINGWASH,250,8,,,1,0,15.402540937002014,,,,,,,
part3,NO_WINGWASH,250,9,,,1,0,20.367429278364412,,,,,,,
part3,NO_WINGWASH,250,10,,,1,0,22.196766231409867,,,,,,,
part3,NO_WINGWASH,250,11,,,1,0,16.71152197856801,,,,,,,
part3,NO_WINGWASH,250,12,,,1,1,3.26776186740355,,,,,,,
part3,NO_WINGWASH,250,13,,,0,1,4.871718969611809,,,,,,,
part3,NO_WINGWASH,250,14,,,0,0,25.116925727700657,,,,,,,
part4,NO_WINGWASH,,,,,,0,24.00394604927604,,,,0.5,32.0,finish,3.151270138507616
part4,NO_WINGWASH,,,,,,0,17.938057150305447,,,,1.0,64.0,finish,9.126818150753751
part4,NO_WINGWASH,,,,,,0,19.52448296523512,,,,1.5,96.0,finish,9.126818150753751
part4,NO_WINGWASH,,,,,,0,21.543528807701172,,,,2.0,128.0,finish,9.126818150753751
part4,NO_WINGWASH,,,,,,0,23.603031337127256,,,,3.0,192.0,finish,9.126818150753751
