factor,cell,variant,course_id,n_legs,n_openings,completed,crashed,min_clear_mm,n_detected,n_false_positives,loc_errors_mm
width,70-76,FULL,0,3,1,1,0,25.791871607916935,1,0,1.677
width,70-76,FULL,1,3,1,1,0,18.088055757748737,1,0,25.141
width,70-76,FULL,2,3,1,1,0,23.92379652520516,1,0,5.563
width,70-76,FULL,3,3,2,1,0,26.967159618986024,2,0,1.799;2.117
width,70-76,FULL,4,3,1,0,1,3.1781105930747167,0,0,
width,70-76,FULL,5,3,2,1,0,27.75325431198847,0,0,
width,70-76,FULL,6,3,1,1,0,26.722865038677355,1,0,9.484
width,70-76,FULL,7,3,2,1,0,25.316484201596577,1,0,4.324
width,70-76,FULL,8,3,1,1,0,27.62037501726067,1,0,3.023
width,70-76,FULL,9,3,1,1,0,26.21775202729826,0,0,
width,70-76,FULL,10,3,2,1,0,14.936950477359972,0,0,
width,70-76,FULL,11,3,1,1,0,24.647315036819137,1,0,0.906
width,70-76,FULL,12,3,3,1,0,15.872011785183098,2,0,12.595;11.142
width,70-76,FULL,13,3,1,1,0,20.69966629071424,1,0,24.247
width,70-76,FULL,14,3,3,0,0,14.862996319580509,0,0,
width,70-76,FULL,15,3,1,1,0,14.048907982173205,1,0,30.800
width,70-76,FULL,16,3,3,1,0,21.73372055886436,1,0,6.986
width,70-76,FULL,17,3,2,1,0,20.12885308050992,2,0,1.415;11.453
width,70-76,FULL,18,3,1,1,0,15.57761832414008,1,0,38.151
width,70-76,FULL,19,3,3,1,0,26.46053564774415,3,0,0.029;7.373;2.027
width,70-76,NO_WINGWASH,0,3,1,1,0,24.48217864362537,1,0,6.666
width,70-76,NO_WINGWASH,1,3,1,1,0,16.83185625113183,1,0,27.772
width,70-76,NO_WINGWASH,2,3,1,1,0,22.435249130150357,1,0,11.771
width,70-76,NO_WINGWASH,3,3,2,1,0,25.9119487659473,2,0,2.755;3.843
width,70-76,NO_WINGWASH,4,3,1,0,0,16.057060856250686,0,0,
width,70-76,NO_WINGWASH,5,3,2,1,0,26.63682444055027,0,0,
width,70-76,NO_WINGWASH,6,3,1,1,0,24.75226089268684,1,0,10.406
width,70-76,NO_WINGWASH,7,3,2,1,0,27.084926963464643,1,0,6.223
width,70-76,NO_WINGWASH,8,3,1,1,0,26.385634415199288,1,0,6.167
width,70-76,NO_WINGWASH,9,3,1,1,0,24.390770563987754,0,0,
width,70-76,NO_WINGWASH,10,3,2,0,1,11.155302453205467,0,0,
width,70-76,NO_WINGWASH,11,3,1,1,0,24.92734121164245,1,0,1.612
width,70-76,NO_WINGWASH,12,3,3,1,0,17.97290009999074,2,0,20.568;4.123
width,70-76,NO_WINGWASH,13,3,1,1,0,21.810892200112207,1,0,13.841
width,70-76,NO_WINGWASH,14,3,3,1,1,12.448013632200631,2,0,3.016;36.488
width,70-76,NO_WINGWASH,15,3,1,1,0,23.24586496148365,1,0,8.255
width,70-76,NO_WINGWASH,16,3,3,1,0,21.49223597235722,1,0,3.383
width,70-76,NO_WINGWASH,17,3,2,1,0,21.31700479794494,2,0,1.402;5.927
width,70-76,NO_WINGWASH,18,3,1,1,0,14.604266583665222,1,0,42.775
width,70-76,NO_WINGWASH,19,3,3,1,0,24.92074555045282,3,0,4.103;13.057;7.283
width,64-70,FULL,0,3,3,1,0,16.211638170341413,2,0,0.424;8.036
width,64-70,FULL,1,3,2,0,0,15.015207569171292,0,0,
width,64-70,FULL,2,3,3,1,0,19.927903112580296,3,0,2.718;4.634;3.290
width,64-70,FULL,3,3,1,1,0,22.438392033607332,0,0,
width,64-70,FULL,4,3,2,0,1,13.101262192650118,0,0,
width,64-70,FULL,5,3,3,0,0,17.37227397483905,0,0,
width,64-70,FULL,6,3,2,1,0,20.220545556577544,2,0,8.872;1.142
width,64-70,FULL,7,3,2,1,0,24.07830998013864,1,0,7.419
width,64-70,FULL,8,3,2,1,0,16.13692666191273,1,0,26.292
width,64-70,FULL,9,3,3,1,1,11.417907385966604,2,0,2.620;7.227
width,64-70,FULL,10,3,3,1,0,17.689298198567858,2,0,10.378;6.734
width,64-70,FULL,11,3,2,1,0,20.705894016874225,2,0,4.833;5.245
width,64-70,FULL,12,3,1,1,0,16.84323849453029,1,0,17.822
width,64-70,FULL,13,3,1,1,1,13.225200673179122,0,0,
width,64-70,FULL,14,3,1,1,0,22.470985906781703,1,0,0.871
width,64-70,FULL,15,3,1,1,0,20.81920015914165,0,0,
width,64-70,FULL,16,3,2,1,0,14.923227026799271,1,0,0.521
width,64-70,FULL,17,3,1,1,0,18.574102568888687,0,0,
width,64-70,FULL,18,3,2,1,0,14.855492183038155,1,0,8.476
width,64-70,FULL,19,3,1,1,0,21.642104050865665,1,0,5.286
width,64-70,NO_WINGWASH,0,3,3,0,0,18.009433610057556,0,0,
width,64-70,NO_WINGWASH,1,3,2,0,0,16.322230226534582,0,0,
width,64-70,NO_WINGWASH,2,3,3,1,0,18.921223104189814,3,0,2.434;3.394;5.140
width,64-70,NO_WINGWASH,3,3,1,1,0,18.12003907144397,0,0,
width,64-70,NO_WINGWASH,4,3,2,0,0,16.155520709127384,0,0,
width,64-70,NO_WINGWASH,5,3,3,0,1,12.203319819884932,0,0,
width,64-70,NO_WINGWASH,6,3,2,1,0,20.0894695973397,2,0,7.841;5.504
width,64-70,NO_WINGWASH,7,3,2,1,0,22.800320259861838,1,0,7.439
width,64-70,NO_WINGWASH,8,3,2,1,0,15.482466504574907,1,0,27.750
width,64-70,NO_WINGWASH,9,3,3,1,1,10.59753904671395,2,0,7.769;34.112
width,64-70,NO_WINGWASH,10,3,3,1,0,17.883743799858973,2,0,8.631;10.991
width,64-70,NO_WINGWASH,11,3,2,1,0,20.387052920008852,2,0,0.056;6.609
width,64-70,NO_WINGWASH,12,3,1,1,0,15.957466570152366,1,0,22.353
width,64-70,NO_WINGWASH,13,3,1,1,0,20.33611455534549,0,0,
width,64-70,NO_WINGWASH,14,3,1,1,0,23.214116792438396,1,0,8.846
width,64-70,NO_WINGWASH,15,3,1,1,0,16.26559843679328,0,0,
width,64-70,NO_WINGWASH,16,3,2,1,0,18.28135418246173,1,0,3.233
width,64-70,NO_WINGWASH,17,3,1,1,0,19.265307555974168,0,1,
width,64-70,NO_WINGWASH,18,3,2,1,0,15.62190687558025,1,0,10.461
width,64-70,NO_WINGWASH,19,3,1,1,0,21.89484382644479,1,0,4.126
width,58-64,FULL,0,3,1,1,0,13.95928423729577,1,0,3.761
width,58-64,FULL,1,3,2,1,0,14.477388708176697,1,0,1.369
width,58-64,FULL,2,3,2,0,1,3.5567581576736633,0,0,
width,58-64,FULL,3,3,1,1,0,14.40917513171294,1,0,2.353
width,58-64,FULL,4,3,1,1,0,16.85672812907736,1,0,9.547
width,58-64,FULL,5,3,1,1,1,11.018069776149865,1,0,28.170
width,58-64,FULL,6,3,1,1,0,13.439833468689187,1,0,19.223
width,58-64,FULL,7,3,1,1,0,15.687051886028039,1,0,7.202
width,58-64,FULL,8,3,1,1,0,14.011600727737338,1,1,20.931
width,58-64,FULL,9,3,2,0,1,3.9552473258106557,0,0,
width,58-64,FULL,10,3,1,1,0,14.990851152261696,1,0,6.513
width,58-64,FULL,11,3,2,0,1,2.908139219157145,0,0,
width,58-64,FULL,12,3,2,0,1,2.9194749323605316,0,0,
width,58-64,FULL,13,3,2,0,1,2.706531998685262,0,0,
width,58-64,FULL,14,3,1,0,0,20.614067757821456,0,0,
width,58-64,FULL,15,3,1,1,1,13.011577174892073,1,0,26.253
width,58-64,FULL,16,3,1,1,0,16.642738316965474,1,0,8.872
width,58-64,FULL,17,3,1,1,0,13.767460638977102,1,0,1.338
width,58-64,FULL,18,3,1,1,1,12.511577819393114,1,0,27.353
width,58-64,FULL,19,3,3,1,0,15.324644194356317,2,0,7.174;7.608
width,58-64,NO_WINGWASH,0,3,1,1,0,15.603409217611441,1,0,7.536
width,58-64,NO_WINGWASH,1,3,2,1,1,11.809098803273201,1,0,6.983
width,58-64,NO_WINGWASH,2,3,2,1,0,13.56520964197629,2,0,8.968;25.545
width,58-64,NO_WINGWASH,3,3,1,1,0,14.540272716942427,1,0,1.483
width,58-64,NO_WINGWASH,4,3,1,1,0,16.630840507045175,1,0,8.338
width,58-64,NO_WINGWASH,5,3,1,0,0,16.902819282172867,0,0,
width,58-64,NO_WINGWASH,6,3,1,1,1,12.741827421353149,0,0,
width,58-64,NO_WINGWASH,7,3,1,1,0,13.635079396548353,1,0,12.736
width,58-64,NO_WINGWASH,8,3,1,1,1,13.114361816324802,1,0,26.604
width,58-64,NO_WINGWASH,9,3,2,0,1,3.3450719173497334,0,0,
width,58-64,NO_WINGWASH,10,3,1,1,0,14.552990720318762,1,1,10.210
width,58-64,NO_WINGWASH,11,3,2,1,0,15.289559176189279,0,0,
width,58-64,NO_WINGWASH,12,3,2,1,0,17.597680954054546,2,0,4.538;43.859
width,58-64,NO_WINGWASH,13,3,2,1,0,15.44575174499764,0,0,
width,58-64,NO_WINGWASH,14,3,1,1,1,9.254658164317636,1,0,36.863
width,58-64,NO_WINGWASH,15,3,1,1,0,17.554475966732017,1,0,5.751
width,58-64,NO_WINGWASH,16,3,1,1,0,15.42118009354581,1,0,8.711
width,58-64,NO_WINGWASH,17,3,1,1,0,14.344125549736667,1,0,2.378
width,58-64,NO_WINGWASH,18,3,1,1,1,13.239692341134315,1,0,21.472
width,58-64,NO_WINGWASH,19,3,3,0,0,13.639364225493376,0,0,
width,52-58,FULL,0,3,2,0,1,3.657592682663251,0,0,
width,52-58,FULL,1,3,1,1,1,12.339292629831244,1,0,1.285
width,52-58,FULL,2,3,3,0,1,3.505169256570105,0,0,
width,52-58,FULL,3,3,1,1,1,11.15619760759768,1,0,2.296
width,52-58,FULL,4,3,3,0,1,8.152228850147523,0,0,
width,52-58,FULL,5,3,1,1,0,13.364099675644036,1,0,1.106
width,52-58,FULL,6,3,2,0,1,4.996973437503623,0,0,
width,52-58,FULL,7,3,1,0,1,4.127589381990958,0,0,
width,52-58,FULL,8,3,1,1,1,9.20067583378943,1,0,16.033
width,52-58,FULL,9,3,2,0,1,6.9314959741596,0,0,
width,52-58,FULL,10,3,2,0,1,4.431749831582292,0,0,
width,52-58,FULL,11,3,3,1,1,6.502898639305051,1,1,38.697
width,52-58,FULL,12,3,2,1,1,8.013639407452123,1,0,3.187
width,52-58,FULL,13,3,2,1,1,11.553114115780167,2,0,0.933;9.220
width,52-58,FULL,14,3,1,1,1,9.98289994604224,1,0,1.489
width,52-58,FULL,15,3,1,1,1,11.513751614008658,1,0,19.785
width,52-58,FULL,16,3,1,1,1,11.220360872768964,1,0,0.329
width,52-58,FULL,17,3,2,1,1,10.167404248697766,1,0,5.788
width,52-58,FULL,18,3,1,1,1,11.548484949755196,1,0,13.973
width,52-58,FULL,19,3,2,0,1,4.5089830155570265,0,0,
width,52-58,NO_WINGWASH,0,3,2,0,1,7.039057314849285,0,0,
width,52-58,NO_WINGWASH,1,3,1,1,1,10.294287000057693,1,0,0.856
width,52-58,NO_WINGWASH,2,3,3,0,1,4.670787537567005,0,0,
width,52-58,NO_WINGWASH,3,3,1,1,1,9.998124682747092,1,0,0.704
width,52-58,NO_WINGWASH,4,3,3,0,1,10.418827127865768,0,0,
width,52-58,NO_WINGWASH,5,3,1,1,1,9.572712324550047,1,0,1.046
width,52-58,NO_WINGWASH,6,3,2,0,0,14.069981566165785,0,0,
width,52-58,NO_WINGWASH,7,3,1,0,1,12.559970923893818,0,0,
width,52-58,NO_WINGWASH,8,3,1,1,1,0.2313442838125278,1,1,18.941
width,52-58,NO_WINGWASH,9,3,2,0,1,12.886715735015155,0,0,
width,52-58,NO_WINGWASH,10,3,2,1,1,3.637663585271793,1,0,4.034
width,52-58,NO_WINGWASH,11,3,3,0,1,0.10578497847707047,0,0,
width,52-58,NO_WINGWASH,12,3,2,1,1,7.497751483755148,0,1,
width,52-58,NO_WINGWASH,13,3,2,1,1,8.823934373184183,2,2,0.151;8.278
width,52-58,NO_WINGWASH,14,3,1,1,1,12.082959534994227,1,0,2.453
width,52-58,NO_WINGWASH,15,3,1,1,1,9.578884502212059,1,0,2.048
width,52-58,NO_WINGWASH,16,3,1,1,1,1.6910066817487124,1,0,4.417
width,52-58,NO_WINGWASH,17,3,2,1,1,8.542822695556753,1,0,3.143
width,52-58,NO_WINGWASH,18,3,1,0,1,6.579026713093516,0,0,
width,52-58,NO_WINGWASH,19,3,2,1,1,11.593755090780643,1,0,0.294
width,46-52,FULL,0,3,2,0,1,3.578328978514835,0,0,
width,46-52,FULL,1,3,1,0,1,9.003333828466355,0,0,
width,46-52,FULL,2,3,2,0,1,0.45647921315701645,0,0,
width,46-52,FULL,3,3,1,0,1,2.845309196906148,0,0,
width,46-52,FULL,4,3,3,0,1,0.03636979483218495,0,0,
width,46-52,FULL,5,3,2,0,1,5.626735758651113,0,0,
width,46-52,FULL,6,3,2,0,1,0.020237760332423964,0,0,
width,46-52,FULL,7,3,2,1,1,5.780040065333673,0,1,
width,46-52,FULL,8,3,1,0,1,9.75237080514685,0,0,
width,46-52,FULL,9,3,2,1,1,4.208405645307406,2,1,2.492;10.747
width,46-52,FULL,10,3,2,0,1,7.032822978484569,0,0,
width,46-52,FULL,11,3,2,1,1,0.05206883596510937,1,0,12.312
width,46-52,FULL,12,3,2,1,1,0.324236965682065,0,0,
width,46-52,FULL,13,3,2,0,1,0.5048298953752158,0,0,
width,46-52,FULL,14,3,2,0,1,0.17825450018592748,0,0,
width,46-52,FULL,15,3,3,0,1,9.719871215191526,0,0,
width,46-52,FULL,16,3,1,0,1,0.00708285317296397,0,0,
width,46-52,FULL,17,3,2,0,1,5.92220696600249,0,0,
width,46-52,FULL,18,3,2,1,1,3.8515254120941305,0,1,
width,46-52,FULL,19,3,3,0,1,4.942167442642965,0,0,
width,46-52,NO_WINGWASH,0,3,2,0,1,4.721330430945106,0,0,
width,46-52,NO_WINGWASH,1,3,1,0,1,2.386490955214875,0,0,
width,46-52,NO_WINGWASH,2,3,2,0,1,0.22778372887066312,0,0,
width,46-52,NO_WINGWASH,3,3,1,0,1,10.630106431954726,0,0,
width,46-52,NO_WINGWASH,4,3,3,0,1,0.24513891391765835,0,0,
width,46-52,NO_WINGWASH,5,3,2,0,1,11.521633825400338,0,0,
width,46-52,NO_WINGWASH,6,3,2,0,1,5.755189635381834,0,0,
width,46-52,NO_WINGWASH,7,3,2,0,1,12.673422824302204,0,0,
width,46-52,NO_WINGWASH,8,3,1,1,1,7.5469862357121835,1,0,6.323
width,46-52,NO_WINGWASH,9,3,2,0,1,5.18256683701414,0,0,
width,46-52,NO_WINGWASH,10,3,2,0,1,0.3913839126261599,0,0,
width,46-52,NO_WINGWASH,11,3,2,0,1,0.20317334120439987,0,0,
width,46-52,NO_WINGWASH,12,3,2,0,1,0.5721699895212583,0,0,
width,46-52,NO_WINGWASH,13,3,2,0,1,0.20045383918692022,0,0,
width,46-52,NO_WINGWASH,14,3,2,0,1,7.098911513997985,0,0,
width,46-52,NO_WINGWASH,15,3,3,0,1,4.725571503435004,0,0,
width,46-52,NO_WINGWASH,16,3,1,0,1,0.5059538882433668,0,0,
width,46-52,NO_WINGWASH,17,3,2,0,1,6.148042146675322,0,0,
width,46-52,NO_WINGWASH,18,3,2,1,1,6.147518435250801,0,1,
width,46-52,NO_WINGWASH,19,3,3,0,1,3.848600217942551,0,0,
legs,2,FULL,0,2,1,1,0,18.419454761566826,1,0,4.725
legs,2,FULL,1,2,2,1,0,20.28147940845121,2,0,3.754;4.523
legs,2,FULL,2,2,2,1,1,11.556747629232447,1,0,9.925
legs,2,FULL,3,2,1,1,1,10.366788457344509,1,0,30.109
legs,2,FULL,4,2,2,1,0,13.945121647105031,2,0,2.144;25.330
legs,2,FULL,5,2,1,1,1,10.728699862527067,1,0,31.559
legs,2,FULL,6,2,1,1,0,15.865326427720497,1,0,1.325
legs,2,FULL,7,2,1,1,0,14.960587961382002,0,0,
legs,2,FULL,8,2,1,1,1,12.510916224752151,0,0,
legs,2,FULL,9,2,1,1,0,16.66628588281947,1,0,2.942
legs,2,FULL,10,2,1,1,0,13.766737539627702,0,0,
legs,2,FULL,11,2,2,1,1,13.228467566490254,1,0,5.123
legs,2,FULL,12,2,1,1,0,16.946732824369924,1,0,7.350
legs,2,FULL,13,2,2,0,1,1.0060282773096632,0,0,
legs,2,FULL,14,2,1,0,0,15.613207533340832,0,0,
legs,2,FULL,15,2,2,1,1,12.797554177638577,1,0,3.760
legs,2,FULL,16,2,1,1,0,16.906774052026773,1,0,3.879
legs,2,FULL,17,2,1,0,0,17.94298709539593,0,0,
legs,2,FULL,18,2,1,1,0,15.57273268017334,1,0,3.662
legs,2,FULL,19,2,1,1,0,19.102608115797814,1,0,1.221
legs,2,NO_WINGWASH,0,2,1,1,0,17.422016010806846,1,0,0.223
legs,2,NO_WINGWASH,1,2,2,1,1,13.186108795818225,2,0,3.809;8.696
legs,2,NO_WINGWASH,2,2,2,0,1,9.124550843427292,0,0,
legs,2,NO_WINGWASH,3,2,1,1,1,10.840035038581899,1,0,27.137
legs,2,NO_WINGWASH,4,2,2,1,1,11.371784380812326,2,0,0.187;24.151
legs,2,NO_WINGWASH,5,2,1,1,1,12.04511268193901,1,0,29.703
legs,2,NO_WINGWASH,6,2,1,1,0,15.106810034880933,1,0,0.766
legs,2,NO_WINGWASH,7,2,1,1,0,15.668774166654575,0,0,
legs,2,NO_WINGWASH,8,2,1,1,1,13.259231113193225,0,0,
legs,2,NO_WINGWASH,9,2,1,1,0,14.2708454984135,1,0,0.234
legs,2,NO_WINGWASH,10,2,1,1,1,12.763645190017826,0,0,
legs,2,NO_WINGWASH,11,2,2,1,0,14.613885404267252,2,0,27.988;7.178
legs,2,NO_WINGWASH,12,2,1,1,0,16.937173085521465,1,0,6.157
legs,2,NO_WINGWASH,13,2,2,0,1,3.192296873267113,0,0,
legs,2,NO_WINGWASH,14,2,1,0,0,14.445363815071241,0,0,
legs,2,NO_WINGWASH,15,2,2,1,1,11.190937075344433,1,0,5.763
legs,2,NO_WINGWASH,16,2,1,1,0,16.389373600536388,1,0,7.886
legs,2,NO_WINGWASH,17,2,1,0,0,18.0814993635394,0,0,
legs,2,NO_WINGWASH,18,2,1,1,1,12.99551845222713,1,0,6.296
legs,2,NO_WINGWASH,19,2,1,1,0,18.567716975852697,1,0,0.398
legs,3,FULL,0,3,1,1,0,16.76902402294556,1,0,9.888
legs,3,FULL,1,3,2,1,0,16.80346984080131,2,0,1.340;7.287
legs,3,FULL,2,3,2,0,1,2.3739998508919045,0,0,
legs,3,FULL,3,3,3,1,0,16.045351382505878,3,0,5.156;10.359;4.592
legs,3,FULL,4,3,1,1,0,15.837940959733146,1,0,1.500
legs,3,FULL,5,3,2,0,1,3.5359209979289363,0,0,
legs,3,FULL,6,3,3,1,0,15.460589683560228,3,0,4.775;19.545;5.345
legs,3,FULL,7,3,1,1,0,14.204063060774967,1,0,4.119
legs,3,FULL,8,3,3,0,0,14.204994704786529,0,0,
legs,3,FULL,9,3,1,1,0,16.800265154694465,1,0,9.458
legs,3,FULL,10,3,3,0,1,5.466402574939554,0,0,
legs,3,FULL,11,3,2,1,0,17.288132108370117,2,0,6.441;8.889
legs,3,FULL,12,3,2,0,1,3.51741565424953,0,0,
legs,3,FULL,13,3,3,1,0,13.815842662735747,2,0,22.542;5.050
legs,3,FULL,14,3,3,1,1,9.906396869373568,3,0,0.408;30.752;4.079
legs,3,FULL,15,3,1,1,1,13.042350535201422,1,0,20.582
legs,3,FULL,16,3,1,1,1,10.88505107043778,0,0,
legs,3,FULL,17,3,2,1,0,14.663175356334408,1,0,20.943
legs,3,FULL,18,3,1,0,0,22.080883040477442,0,0,
legs,3,FULL,19,3,2,1,0,15.559131841471535,2,0,12.251;9.881
legs,3,NO_WINGWASH,0,3,1,1,0,17.373814566584457,1,0,7.494
legs,3,NO_WINGWASH,1,3,2,1,0,15.488767185600858,2,0,1.191;13.305
legs,3,NO_WINGWASH,2,3,2,0,1,3.941685701166685,0,0,
legs,3,NO_WINGWASH,3,3,3,1,0,14.519643923927921,3,0,5.887;22.961;5.247
legs,3,NO_WINGWASH,4,3,1,1,1,13.289134516389588,1,0,2.074
legs,3,NO_WINGWASH,5,3,2,0,0,18.01122047347522,0,0,
legs,3,NO_WINGWASH,6,3,3,1,0,17.990314634929046,3,0,4.855;3.462;0.468
legs,3,NO_WINGWASH,7,3,1,1,0,15.090290427186796,1,0,1.660
legs,3,NO_WINGWASH,8,3,3,1,0,14.463036652541167,2,0,2.592;2.778
legs,3,NO_WINGWASH,9,3,1,1,1,8.218665694977846,1,0,6.319
legs,3,NO_WINGWASH,10,3,3,0,1,2.4135857190412713,0,0,
legs,3,NO_WINGWASH,11,3,2,1,0,18.60306521723053,2,0,5.344;9.017
legs,3,NO_WINGWASH,12,3,2,0,1,1.7765340342415963,0,0,
legs,3,NO_WINGWASH,13,3,3,1,1,5.362449909335301,3,0,6.751;30.468;19.622
legs,3,NO_WINGWASH,14,3,3,0,1,4.738509887043558,0,0,
legs,3,NO_WINGWASH,15,3,1,1,1,11.972307333759584,1,0,10.825
legs,3,NO_WINGWASH,16,3,1,1,1,12.05352751473864,0,0,
legs,3,NO_WINGWASH,17,3,2,1,1,12.70163990394794,1,0,20.817
legs,3,NO_WINGWASH,18,3,1,1,1,4.436172466541127,1,0,26.726
legs,3,NO_WINGWASH,19,3,2,1,0,14.075964850149923,2,0,7.989;11.844
legs,4,FULL,0,4,3,0,1,1.455584923315355,0,0,
legs,4,FULL,1,4,4,1,0,16.27352691869999,3,0,2.359;0.267;9.583
legs,4,FULL,2,4,2,1,0,14.094200000501433,0,0,
legs,4,FULL,3,4,1,0,1,3.4508910723330026,0,0,
legs,4,FULL,4,4,1,1,0,13.85750711735707,1,0,8.889
legs,4,FULL,5,4,1,0,1,1.654132067025642,0,0,
legs,4,FULL,6,4,1,1,0,14.562421329058568,1,0,10.633
legs,4,FULL,7,4,3,0,1,10.314987027044475,0,0,
legs,4,FULL,8,4,3,1,1,10.749860378438882,3,1,5.133;29.627;5.639
legs,4,FULL,9,4,3,1,0,16.594651226722,2,0,6.151;6.649
legs,4,FULL,10,4,3,0,1,6.210026806236006,0,0,
legs,4,FULL,11,4,2,0,1,1.4223655846582794,0,0,
legs,4,FULL,12,4,3,0,1,3.7981410168943284,0,0,
legs,4,FULL,13,4,3,1,0,15.181976071165408,3,0,2.498;12.779;6.034
legs,4,FULL,14,4,1,1,1,12.525082390114964,1,1,27.390
legs,4,FULL,15,4,4,0,1,2.78238436356396,0,0,
legs,4,FULL,16,4,2,1,0,13.66503011676543,1,0,2.852
legs,4,FULL,17,4,2,0,1,2.376499713441176,0,0,
legs,4,FULL,18,4,4,1,1,12.18609287170634,3,0,28.086;9.614;8.505
legs,4,FULL,19,4,1,1,0,17.064578809601603,1,0,0.175
legs,4,NO_WINGWASH,0,4,3,0,1,2.175862153121493,0,0,
legs,4,NO_WINGWASH,1,4,4,1,0,15.34348240313305,3,0,2.627;7.269;9.984
legs,4,NO_WINGWASH,2,4,2,1,0,13.3033500871026,0,0,
legs,4,NO_WINGWASH,3,4,1,1,0,15.97134313011795,1,0,26.531
legs,4,NO_WINGWASH,4,4,1,0,1,10.174852501675556,0,0,
legs,4,NO_WINGWASH,5,4,1,1,0,13.79387968468893,0,0,
legs,4,NO_WINGWASH,6,4,1,1,0,13.309774487580032,1,0,19.769
legs,4,NO_WINGWASH,7,4,3,1,1,12.894002262323571,3,0,1.522;29.968;24.674
legs,4,NO_WINGWASH,8,4,3,1,1,11.298116972855277,3,1,5.710;30.585;2.310
legs,4,NO_WINGWASH,9,4,3,1,0,15.020384702985726,1,0,6.145
legs,4,NO_WINGWASH,10,4,3,0,1,0.8662815611821622,0,0,
legs,4,NO_WINGWASH,11,4,2,0,1,8.572293673902891,0,0,
legs,4,NO_WINGWASH,12,4,3,0,1,11.768009113328143,0,0,
legs,4,NO_WINGWASH,13,4,3,1,0,15.023987874549274,2,0,1.617;2.038
legs,4,NO_WINGWASH,14,4,1,0,0,14.840929464405976,0,0,
legs,4,NO_WINGWASH,15,4,4,0,0,15.966205521260077,0,0,
legs,4,NO_WINGWASH,16,4,2,1,0,14.725560477058409,1,0,8.913
legs,4,NO_WINGWASH,17,4,2,0,1,9.944866286718169,0,0,
legs,4,NO_WINGWASH,18,4,4,1,1,12.179978998527435,3,0,28.363;8.183;8.864
legs,4,NO_WINGWASH,19,4,1,1,0,14.16516331375442,1,0,0.234
legs,5,FULL,0,5,5,0,1,5.191337973340625,0,0,
legs,5,FULL,1,5,2,1,0,16.27014490120946,2,0,7.013;6.862
legs,5,FULL,2,5,3,1,0,14.6650093559353,1,0,3.138
legs,5,FULL,3,5,1,1,0,15.683362364369401,0,0,
legs,5,FULL,4,5,3,1,1,5.459974741643183,1,1,1.536
legs,5,FULL,5,5,2,1,0,14.52015618556584,2,0,3.142;7.688
legs,5,FULL,6,5,2,0,1,8.667811630206234,0,0,
legs,5,FULL,7,5,3,1,0,14.922740676277138,3,0,4.984;5.921;8.532
legs,5,FULL,8,5,2,1,0,15.451265044758841,1,0,1.120
legs,5,FULL,9,5,2,1,0,15.793563300273778,1,0,0.556
legs,5,FULL,10,5,4,0,1,0.3289357945265815,0,0,
legs,5,FULL,11,5,5,1,0,14.845411345016071,4,0,5.629;5.851;9.162;21.040
legs,5,FULL,12,5,3,0,1,3.822486487348152,0,0,
legs,5,FULL,13,5,2,1,0,17.716469747035244,2,0,2.158;5.486
legs,5,FULL,14,5,3,1,0,13.480027103099676,2,0,3.533;8.911
legs,5,FULL,15,5,5,1,1,12.01038188222989,4,0,2.600;27.892;7.891;7.181
legs,5,FULL,16,5,3,1,0,16.052485588579408,3,0,5.745;5.870;10.115
legs,5,FULL,17,5,4,1,0,16.2533040065275,2,0,3.618;8.715
legs,5,FULL,18,5,2,0,1,2.8410224288834596,0,0,
legs,5,FULL,19,5,2,1,0,14.024003424147192,1,0,3.238
legs,5,NO_WINGWASH,0,5,5,1,1,12.338155100016742,5,1,27.074;9.780;8.638;10.988;19.688
legs,5,NO_WINGWASH,1,5,2,1,1,11.130869099730907,2,0,5.779;4.832
legs,5,NO_WINGWASH,2,5,3,1,1,11.929085648099768,1,0,3.560
legs,5,NO_WINGWASH,3,5,1,1,0,14.050013202649144,1,0,5.116
legs,5,NO_WINGWASH,4,5,3,1,1,12.115998842779332,3,0,3.254;22.401;9.193
legs,5,NO_WINGWASH,5,5,2,1,1,5.096532466670786,2,0,2.905;3.851
legs,5,NO_WINGWASH,6,5,2,0,1,2.4485535779102996,0,0,
legs,5,NO_WINGWASH,7,5,3,1,1,10.02333544465073,3,0,6.901;14.147;36.353
legs,5,NO_WINGWASH,8,5,2,1,1,12.133474778484647,1,0,0.774
legs,5,NO_WINGWASH,9,5,2,1,1,1.1029606637137759,1,0,1.063
legs,5,NO_WINGWASH,10,5,4,0,1,0.2401043091409755,0,0,
legs,5,NO_WINGWASH,11,5,5,1,0,14.359558210072242,4,0,5.883;4.763;8.059;1.055
legs,5,NO_WINGWASH,12,5,3,0,1,13.227705572744066,0,0,
legs,5,NO_WINGWASH,13,5,2,1,0,17.30228648898573,2,0,3.164;3.882
legs,5,NO_WINGWASH,14,5,3,1,1,12.305728904412897,2,0,1.802;6.004
legs,5,NO_WINGWASH,15,5,5,1,0,14.472096147394952,4,0,5.148;30.383;8.780;10.894
legs,5,NO_WINGWASH,16,5,3,1,1,10.021100094573114,3,0,9.794;3.909;8.634
legs,5,NO_WINGWASH,17,5,4,1,1,9.124550042787748,3,0,0.984;12.856;20.094
legs,5,NO_WINGWASH,18,5,2,0,1,1.5212998749745732,0,0,
legs,5,NO_WINGWASH,19,5,2,1,0,15.548001943466598,1,0,5.867
legs,6,FULL,0,6,2,1,0,14.130337567137442,2,0,4.391;10.788
legs,6,FULL,1,6,1,1,1,3.6973855832652576,0,2,
legs,6,FULL,2,6,5,0,1,2.7806203868875934,0,0,
legs,6,FULL,3,6,6,1,1,11.037000266197225,4,0,4.513;17.855;28.945;26.061
legs,6,FULL,4,6,3,1,0,14.565330168689997,3,0,2.531;7.780;17.715
legs,6,FULL,5,6,2,1,1,9.486729495123969,2,0,1.879;46.588
legs,6,FULL,6,6,3,1,0,14.776533756582545,1,0,5.871
legs,6,FULL,7,6,5,0,1,8.329035644745975,0,0,
legs,6,FULL,8,6,5,1,0,14.622231875475158,4,0,21.099;7.357;6.879;0.858
legs,6,FULL,9,6,4,1,1,11.972674265479034,3,0,0.521;16.653;6.652
legs,6,FULL,10,6,3,1,1,11.7056616842261,1,0,18.688
legs,6,FULL,11,6,3,1,0,14.102380119815917,3,0,6.570;0.915;8.232
legs,6,FULL,12,6,3,1,1,10.545480653955833,1,0,32.336
legs,6,FULL,13,6,3,0,1,4.169688889969662,0,0,
legs,6,FULL,14,6,4,1,1,11.228437955147259,2,1,2.657;29.930
legs,6,FULL,15,6,1,1,1,13.216038692927503,1,0,8.176
legs,6,FULL,16,6,3,1,1,11.935876389375752,1,0,13.953
legs,6,FULL,17,6,4,1,1,12.93656503705998,2,0,25.032;6.669
legs,6,FULL,18,6,4,1,1,7.531888753062124,3,0,1.227;21.661;8.673
legs,6,FULL,19,6,5,0,1,1.7605969779034603,0,0,
legs,6,NO_WINGWASH,0,6,2,1,1,10.28906845876814,2,0,3.889;7.137
legs,6,NO_WINGWASH,1,6,1,0,1,3.722660902569443,0,0,
legs,6,NO_WINGWASH,2,6,5,0,1,8.206693984605128,0,0,
legs,6,NO_WINGWASH,3,6,6,1,1,12.520990746602841,4,1,5.359;6.064;20.814;29.845
legs,6,NO_WINGWASH,4,6,3,0,1,11.216878571736773,0,0,
legs,6,NO_WINGWASH,5,6,2,1,1,5.413563225328995,2,0,1.125;32.090
legs,6,NO_WINGWASH,6,6,3,1,0,13.441761067048692,1,0,8.348
legs,6,NO_WINGWASH,7,6,5,1,1,10.240035206315682,4,0,33.191;0.627;32.925;13.942
legs,6,NO_WINGWASH,8,6,5,1,1,11.56890933119793,4,0,20.886;8.343;31.821;4.182
legs,6,NO_WINGWASH,9,6,4,1,1,12.038329711534441,3,0,2.160;18.912;6.712
legs,6,NO_WINGWASH,10,6,3,1,0,13.815862906909397,1,0,18.520
legs,6,NO_WINGWASH,11,6,3,1,0,13.343224967986696,3,0,5.778;2.196;7.098
legs,6,NO_WINGWASH,12,6,3,1,1,12.394806012078794,2,0,24.421;20.170
legs,6,NO_WINGWASH,13,6,3,0,1,4.940485287048661,0,0,
legs,6,NO_WINGWASH,14,6,4,1,1,8.380181685150838,2,0,0.936;28.639
legs,6,NO_WINGWASH,15,6,1,1,0,14.051404082055733,1,0,11.199
legs,6,NO_WINGWASH,16,6,3,1,1,12.709967684146843,1,0,10.370
legs,6,NO_WINGWASH,17,6,4,1,1,12.588418647580632,2,0,27.000;4.102
legs,6,NO_WINGWASH,18,6,4,0,1,0.47656893790776633,0,0,
legs,6,NO_WINGWASH,19,6,5,0,1,3.0588783906178074,0,0,

factor,cell,variant,runs,completed,crashed,clear_mean_mm,clear_min_mm,hits,tot_openings,courses_found,n_with_breach,loc_mean_mm,loc_std_mm,n_loc
width,70-76,FULL,20,18,1,21.027415010142082,3.1781105930747167,20,29,15,18,10.012577974578384,10.729422031929227,20
width,70-76,NO_WINGWASH,20,18,2,21.44316391930248,11.155302453205467,22,30,16,18,10.974425954015876,11.0237261208335,22
width,64-70,FULL,20,17,3,17.883455495822584,11.417907385966604,20,31,13,17,6.642009660659451,6.041090812647635,20
width,64-70,NO_WINGWASH,20,16,2,17.890453373239346,10.59753904671395,18,28,12,16,9.815985984000232,8.833226855214608,18
width,58-64,FULL,20,14,8,11.838410037661085,2.706531998685262,15,17,14,14,11.844500732008331,9.42003208739596,15
width,58-64,NO_WINGWASH,20,17,6,13.911373482855874,3.3450719173497334,16,22,14,17,14.498479618446947,12.24731448576699,16
width,52-58,FULL,20,12,19,8.343730098542348,3.505169256570105,13,17,12,12,8.778597772716337,10.667608455692237,13
width,52-58,NO_WINGWASH,20,12,19,8.093769906779915,0.10578497847707047,12,17,11,12,3.863649313025794,5.053434990755622,12
width,46-52,FULL,20,5,20,3.6921339055722493,0.00708285317296397,3,10,2,5,8.517011469573141,4.307805246931002,3
width,46-52,NO_WINGWASH,20,2,20,4.536621430339875,0.20045383918692022,1,3,1,2,6.322542250960472,0.0,1
legs,2,FULL,20,17,7,14.409261906253601,1.0060282773096632,16,22,14,17,8.833256970478084,9.970233748719686,16
legs,2,NO_WINGWASH,20,16,10,13.573633920008637,3.192296873267113,16,20,13,16,9.785766780638166,10.513591405672576,16
legs,3,FULL,20,14,7,12.9130200686107,2.3739998508919045,23,26,13,14,9.790534088949336,7.722415979299123,23
legs,3,NO_WINGWASH,20,15,11,11.326016530640453,1.7765340342415963,24,27,14,15,9.570651245251216,8.317997360320598,24
legs,4,FULL,20,11,12,9.510996990232197,1.4223655846582794,19,25,10,11,9.624390591833308,8.782336275790627,19
legs,4,NO_WINGWASH,20,12,9,12.066916233513558,0.8662815611821622,19,28,10,12,11.858201213748718,10.610389040084904,19
legs,5,FULL,20,15,7,11.899994699048648,0.3289357945265815,29,42,14,15,6.72858093176892,5.526818133219914,29
legs,5,NO_WINGWASH,20,16,15,10.024570520662952,0.2401043091409755,38,47,16,16,9.164514113186359,8.319576673601379,38
legs,6,FULL,20,16,15,10.22652470815139,1.7605969779034603,33,51,15,16,12.71674174852688,11.01173799928551,33
legs,6,NO_WINGWASH,20,14,16,9.72093449035956,0.47656893790776633,32,48,14,14,14.02499220236021,10.926035107330177,32

factor,cell,comp_delta_FULL_minus_NOWW,crash_delta,clear_mean_delta_mm,clear_min_delta_mm
width,70-76,0,-1,-0.4157489091603992,-7.97719186013075
width,64-70,1,1,-0.006997877416761611,0.8203683392526546
width,58-64,-3,2,-2.072963445194789,-0.6385399186644714
width,52-58,0,0,0.24996019176243323,3.399384278093035
width,46-52,3,0,-0.8444875247676258,-0.19337098601395625
legs,2,1,-3,0.8356279862449636,-2.1862685959574497
legs,3,-1,-4,1.5870035379702472,0.5974658166503082
legs,4,-1,3,-2.5559192432813607,0.5560840234761173
legs,5,-1,-8,1.8754241783856962,0.08883148538560601
legs,6,2,-1,0.5055902177918288,1.284028039995694
