set,cell,variant,course_id,seed_idx,noise_seed,n_legs,n_openings,completed,crashed,strike_free,min_clear_mm,n_detected,n_false_positives,loc_errors_mm,wall_s
legsweep,2,FULL,0,0,7000,2,1,1,0,1,18.035352490549943,0,0,,295.5
legsweep,2,NO_WINGWASH,0,0,7000,2,1,1,0,1,20.082161763537012,1,0,1.504,297.2
legsweep,2,FULL,1,0,7001,2,2,1,0,1,19.75081609851934,2,0,5.989;6.482,264.4
legsweep,2,NO_WINGWASH,1,0,7001,2,2,1,0,1,19.533817790062724,2,0,6.091;4.276,268.1
legsweep,2,FULL,2,0,7002,2,2,0,1,0,2.296295183324253,0,0,,953.1
legsweep,2,NO_WINGWASH,2,0,7002,2,2,0,1,0,1.8998117674353432,0,0,,947.1
legsweep,2,FULL,3,0,7003,2,1,1,1,0,10.803849737262466,1,0,29.901,324.1
legsweep,2,NO_WINGWASH,3,0,7003,2,1,1,1,0,11.355905456769927,1,0,28.044,298.3
legsweep,2,FULL,4,0,7004,2,2,1,0,1,17.372365719815956,2,0,1.938;21.846,324.1
legsweep,2,NO_WINGWASH,4,0,7004,2,2,1,0,1,14.285541397771508,2,0,1.028;21.608,346.4
legsweep,2,FULL,5,0,7005,2,1,1,0,1,15.59172983491,1,0,29.153,385.3
legsweep,2,NO_WINGWASH,5,0,7005,2,1,1,0,1,13.44734505937563,1,0,27.704,386.2
legsweep,2,FULL,6,0,7006,2,1,1,0,1,13.957053616466961,1,0,1.756,256.7
legsweep,2,NO_WINGWASH,6,0,7006,2,1,1,0,1,16.303790198212912,1,0,2.129,278.0
legsweep,2,FULL,7,0,7007,2,1,1,0,1,15.855601474224247,0,0,,243.2
legsweep,2,NO_WINGWASH,7,0,7007,2,1,1,0,1,16.690847508828256,0,0,,254.6
legsweep,2,FULL,8,0,7008,2,1,1,1,0,12.84321370367508,0,0,,308.7
legsweep,2,NO_WINGWASH,8,0,7008,2,1,1,1,0,12.041387510099213,0,0,,305.7
legsweep,2,FULL,9,0,7009,2,1,1,0,1,14.259896580944252,1,0,0.624,294.6
legsweep,2,NO_WINGWASH,9,0,7009,2,1,1,0,1,15.45305719101543,1,0,0.934,300.3
legsweep,2,FULL,10,0,7010,2,1,1,1,0,12.022976886955615,0,0,,259.6
legsweep,2,NO_WINGWASH,10,0,7010,2,1,1,1,0,11.932519048704862,0,0,,263.0
legsweep,2,FULL,11,0,7011,2,2,1,0,1,13.594065053842362,2,1,30.086;8.079,330.4
legsweep,2,NO_WINGWASH,11,0,7011,2,2,1,1,0,12.998179877656778,2,0,33.758;8.650,331.2
legsweep,2,FULL,12,0,7012,2,1,1,0,1,17.127672374364128,1,0,7.077,282.1
legsweep,2,NO_WINGWASH,12,0,7012,2,1,1,0,1,17.37777194751248,1,0,3.951,291.3
legsweep,2,FULL,13,0,7013,2,2,0,1,0,3.8214892313269453,0,0,,1048.5
legsweep,2,NO_WINGWASH,13,0,7013,2,2,0,1,0,5.8430678188630445,0,0,,1052.6
legsweep,2,FULL,14,0,7014,2,1,0,0,0,15.774927599852655,0,0,,1085.3
legsweep,2,NO_WINGWASH,14,0,7014,2,1,0,0,0,16.07974165729445,0,0,,1075.8
legsweep,2,FULL,15,0,7015,2,2,1,0,1,16.49667573239955,1,0,7.411,293.6
legsweep,2,NO_WINGWASH,15,0,7015,2,2,1,0,1,14.926136113966436,1,0,3.292,265.8
legsweep,2,FULL,16,0,7016,2,1,1,0,1,15.001549707026406,1,0,6.792,338.8
legsweep,2,NO_WINGWASH,16,0,7016,2,1,1,0,1,15.204619425377086,1,0,6.141,350.7
legsweep,2,FULL,17,0,7017,2,1,0,0,0,17.492634645916375,0,0,,944.0
legsweep,2,NO_WINGWASH,17,0,7017,2,1,0,0,0,16.900288545796464,0,0,,938.7
legsweep,2,FULL,18,0,7018,2,1,1,0,1,15.063994188100088,1,0,7.373,282.6
legsweep,2,NO_WINGWASH,18,0,7018,2,1,1,0,1,14.3130330659923,1,0,10.384,290.6
legsweep,2,FULL,19,0,7019,2,1,1,0,1,17.18427999561291,1,0,0.622,315.2
legsweep,2,NO_WINGWASH,19,0,7019,2,1,1,0,1,17.520788941006668,1,0,3.513,327.6
legsweep,3,FULL,0,0,7000,3,1,1,0,1,16.726547959966755,1,0,9.072,505.7
legsweep,3,NO_WINGWASH,0,0,7000,3,1,1,0,1,13.584208450258654,1,0,22.410,499.8
legsweep,3,FULL,1,0,7001,3,2,0,0,0,16.60997960715183,0,0,,1282.6
legsweep,3,NO_WINGWASH,1,0,7001,3,2,1,0,1,15.47943181400246,2,0,0.455;5.220,455.1
legsweep,3,FULL,2,0,7002,3,2,0,1,0,1.9987665264995558,0,0,,1154.1
legsweep,3,NO_WINGWASH,2,0,7002,3,2,0,1,0,2.605240547555597,0,0,,1151.8
legsweep,3,FULL,3,0,7003,3,3,1,0,1,14.524581493950643,3,0,4.316;17.238;2.011,459.2
legsweep,3,NO_WINGWASH,3,0,7003,3,3,1,0,1,14.151464781924753,3,0,7.902;22.437;3.483,486.5
legsweep,3,FULL,4,0,7004,3,1,1,0,1,15.467609422575071,1,0,5.813,489.4
legsweep,3,NO_WINGWASH,4,0,7004,3,1,1,0,1,15.667356281396527,1,0,6.060,471.7
legsweep,3,FULL,5,0,7005,3,2,0,1,0,3.0530314779644896,0,0,,1340.8
legsweep,3,NO_WINGWASH,5,0,7005,3,2,0,0,0,16.48590684437528,0,0,,1337.7
legsweep,3,FULL,6,0,7006,3,3,1,0,1,18.382693904716835,3,0,5.764;5.501;1.840,438.5
legsweep,3,NO_WINGWASH,6,0,7006,3,3,1,0,1,16.50837746120088,3,0,5.720;3.634;3.714,437.5
legsweep,3,FULL,7,0,7007,3,1,1,1,0,12.803857555694734,1,1,17.915,528.3
legsweep,3,NO_WINGWASH,7,0,7007,3,1,1,1,0,4.898861398478419,1,0,1.563,554.2
legsweep,3,FULL,8,0,7008,3,3,0,0,0,15.293170292791087,0,0,,1262.6
legsweep,3,NO_WINGWASH,8,0,7008,3,3,1,0,1,13.685368242298573,2,0,2.146;3.242,588.2
legsweep,3,FULL,9,0,7009,3,1,1,0,1,16.37288638542279,1,0,5.844,442.1
legsweep,3,NO_WINGWASH,9,0,7009,3,1,1,0,1,15.775923402992557,1,0,10.781,462.6
legsweep,3,FULL,10,0,7010,3,3,0,1,0,3.2846334518365814,0,0,,1195.0
legsweep,3,NO_WINGWASH,10,0,7010,3,3,0,1,0,3.9263441650976048,0,0,,1182.0
legsweep,3,FULL,11,0,7011,3,2,1,0,1,17.722660627992536,2,0,7.840;11.948,443.6
legsweep,3,NO_WINGWASH,11,0,7011,3,2,1,0,1,17.014903890726853,2,0,7.001;7.665,457.8
legsweep,3,FULL,12,0,7012,3,2,1,1,0,3.29211516127476,0,1,,408.9
legsweep,3,NO_WINGWASH,12,0,7012,3,2,0,1,0,1.1667468561666243,0,0,,1396.8
legsweep,3,FULL,13,0,7013,3,3,1,0,1,15.317272613189031,2,0,4.277;11.116,495.3
legsweep,3,NO_WINGWASH,13,0,7013,3,3,1,1,0,6.718446174986616,3,0,25.715;31.185;44.803,539.8
legsweep,3,FULL,14,0,7014,3,3,1,0,1,14.754594112902478,3,0,0.948;14.576;3.818,464.7
legsweep,3,NO_WINGWASH,14,0,7014,3,3,0,1,0,1.311358234231172,0,0,,1311.1
legsweep,3,FULL,15,0,7015,3,1,1,0,1,15.330123688786522,1,0,9.700,468.6
legsweep,3,NO_WINGWASH,15,0,7015,3,1,1,1,0,12.82277980606478,1,0,11.751,494.0
legsweep,3,FULL,16,0,7016,3,1,0,0,0,23.165631075807717,0,0,,1227.5
legsweep,3,NO_WINGWASH,16,0,7016,3,1,0,1,0,10.343032127380306,0,0,,1227.3
legsweep,3,FULL,17,0,7017,3,2,1,1,0,12.25853675559283,1,0,24.683,449.9
legsweep,3,NO_WINGWASH,17,0,7017,3,2,1,1,0,11.30187562302208,1,0,15.749,434.4
legsweep,3,FULL,18,0,7018,3,1,0,1,0,4.2386879011937815,0,0,,1301.9
legsweep,3,NO_WINGWASH,18,0,7018,3,1,1,1,0,1.50786991644281,1,0,30.584,634.5
legsweep,3,FULL,19,0,7019,3,2,1,0,1,17.12948703515548,2,0,10.279;2.346,444.3
legsweep,3,NO_WINGWASH,19,0,7019,3,2,1,0,1,14.940546903506744,2,0,7.702;9.161,464.7
legsweep,4,FULL,0,0,7000,4,3,0,1,0,4.255752207887741,0,0,,1530.6
legsweep,4,NO_WINGWASH,0,0,7000,4,3,0,1,0,1.8052761468253564,0,0,,1527.9
legsweep,4,FULL,1,0,7001,4,4,1,0,1,13.594546908594245,3,0,2.434;3.266;25.738,626.3
legsweep,4,NO_WINGWASH,1,0,7001,4,4,1,0,1,16.686854757973798,4,0,3.383;3.373;10.841;29.994,626.0
legsweep,4,FULL,2,0,7002,4,2,1,0,1,14.096209925001705,1,0,23.910,613.4
legsweep,4,NO_WINGWASH,2,0,7002,4,2,1,0,1,13.488781921156027,1,0,25.423,634.6
legsweep,4,FULL,3,0,7003,4,1,1,1,0,11.827598781101926,1,0,27.285,635.3
legsweep,4,NO_WINGWASH,3,0,7003,4,1,1,0,1,14.359766394315182,1,0,17.042,622.8
legsweep,4,FULL,4,0,7004,4,1,0,1,0,4.625354295463361,0,0,,1582.4
legsweep,4,NO_WINGWASH,4,0,7004,4,1,0,0,0,13.95009439885564,0,0,,1617.8
legsweep,4,FULL,5,0,7005,4,1,1,1,0,11.482923056007033,0,0,,659.9
legsweep,4,NO_WINGWASH,5,0,7005,4,1,1,1,0,12.647277948604561,0,0,,665.8
legsweep,4,FULL,6,0,7006,4,1,1,0,1,15.192272053480009,1,0,3.778,586.8
legsweep,4,NO_WINGWASH,6,0,7006,4,1,1,1,0,13.00015417330498,1,0,19.175,576.5
legsweep,4,FULL,7,0,7007,4,3,0,1,0,3.178197118385633,0,0,,1528.2
legsweep,4,NO_WINGWASH,7,0,7007,4,3,0,1,0,9.46448293373122,0,0,,1531.2
legsweep,4,FULL,8,0,7008,4,3,1,0,1,13.633898818062626,3,0,2.533;16.284;2.004,645.3
legsweep,4,NO_WINGWASH,8,0,7008,4,3,1,0,1,14.215443134127678,2,0,1.147;16.783,642.1
legsweep,4,FULL,9,0,7009,4,3,1,0,1,15.048309504679322,2,0,21.806;4.898,591.0
legsweep,4,NO_WINGWASH,9,0,7009,4,3,1,0,1,16.012995540062235,1,0,8.210,632.1
legsweep,4,FULL,10,0,7010,4,3,0,1,0,13.024014538170956,0,0,,1458.3
legsweep,4,NO_WINGWASH,10,0,7010,4,3,0,1,0,7.866040584973065,0,0,,1476.0
legsweep,4,FULL,11,0,7011,4,2,0,0,0,15.269593575205718,0,0,,1592.5
legsweep,4,NO_WINGWASH,11,0,7011,4,2,0,1,0,2.803701894284129,0,0,,1582.7
legsweep,4,FULL,12,0,7012,4,3,0,1,0,13.104486538958673,0,0,,1559.1
legsweep,4,NO_WINGWASH,12,0,7012,4,3,0,1,0,7.035793186638335,0,0,,1570.2
legsweep,4,FULL,13,0,7013,4,3,1,1,0,12.991301229574121,3,0,1.393;22.383;2.549,599.4
legsweep,4,NO_WINGWASH,13,0,7013,4,3,1,1,0,12.541533139008214,3,0,0.974;24.024;7.342,639.5
legsweep,4,FULL,14,0,7014,4,1,0,1,0,12.158608690276306,0,0,,1518.0
legsweep,4,NO_WINGWASH,14,0,7014,4,1,0,1,0,13.19536203073681,0,0,,1522.1
legsweep,4,FULL,15,0,7015,4,4,1,1,0,12.66566590576104,3,0,2.802;26.180;13.561,623.7
legsweep,4,NO_WINGWASH,15,0,7015,4,4,1,1,0,12.965253060842372,3,0,3.121;8.820;9.589,625.1
legsweep,4,FULL,16,0,7016,4,2,1,1,0,12.252401760642895,1,0,26.009,620.2
legsweep,4,NO_WINGWASH,16,0,7016,4,2,1,1,0,12.362089154826394,1,0,30.930,620.9
legsweep,4,FULL,17,0,7017,4,2,0,1,0,1.4482395834932897,0,0,,1520.1
legsweep,4,NO_WINGWASH,17,0,7017,4,2,1,1,0,3.44897948749239,0,2,,595.9
legsweep,4,FULL,18,0,7018,4,4,1,1,0,11.924790683268876,3,0,30.414;9.317;4.020,651.3
legsweep,4,NO_WINGWASH,18,0,7018,4,4,1,0,1,13.5119112204353,3,0,31.373;10.436;8.083,676.9
legsweep,4,FULL,19,0,7019,4,1,1,0,1,16.506761241963417,1,0,1.828,640.1
legsweep,4,NO_WINGWASH,19,0,7019,4,1,1,0,1,15.816162568518893,1,0,0.452,627.2
legsweep,5,FULL,0,0,7000,5,5,1,1,0,12.222156939842112,5,0,39.051;6.932;7.184;20.139;8.561,992.1
legsweep,5,NO_WINGWASH,0,0,7000,5,5,1,0,1,14.25321932930385,5,0,31.108;11.916;6.383;6.822;16.811,914.9
legsweep,5,FULL,1,0,7001,5,2,1,0,1,16.43173923895997,2,0,5.534;2.879,795.5
legsweep,5,NO_WINGWASH,1,0,7001,5,2,1,0,1,13.604878033662953,2,0,10.081;5.862,799.0
legsweep,5,FULL,2,0,7002,5,3,1,0,1,15.09288683156096,1,0,1.323,776.5
legsweep,5,NO_WINGWASH,2,0,7002,5,3,1,0,1,13.43855998145074,1,0,3.796,860.5
legsweep,5,FULL,3,0,7003,5,1,1,0,1,16.613500738581426,1,0,5.649,877.7
legsweep,5,NO_WINGWASH,3,0,7003,5,1,1,0,1,16.69459708497863,0,0,,862.0
legsweep,5,FULL,4,0,7004,5,3,0,1,0,4.94960908372266,0,0,,1925.2
legsweep,5,NO_WINGWASH,4,0,7004,5,3,0,1,0,3.950168065443631,0,0,,1927.4
legsweep,5,FULL,5,0,7005,5,2,1,0,1,15.081442888736595,2,0,4.138;5.674,814.5
legsweep,5,NO_WINGWASH,5,0,7005,5,2,1,1,0,3.2696108876011163,2,0,9.566;0.118,866.1
legsweep,5,FULL,6,0,7006,5,2,0,1,0,8.164259954319245,0,0,,1738.4
legsweep,5,NO_WINGWASH,6,0,7006,5,2,0,0,0,16.172901078796706,0,0,,1748.8
legsweep,5,FULL,7,0,7007,5,3,1,0,1,13.947944371924274,3,0,5.124;2.427;5.640,742.6
legsweep,5,NO_WINGWASH,7,0,7007,5,3,0,1,0,11.723339830574632,0,0,,1816.3
legsweep,5,FULL,8,0,7008,5,2,1,0,1,15.261329948442134,1,0,0.521,759.1
legsweep,5,NO_WINGWASH,8,0,7008,5,2,1,0,1,15.281030947953363,1,0,0.597,838.7
legsweep,5,FULL,9,0,7009,5,2,1,0,1,15.696127014615275,1,0,2.369,812.2
legsweep,5,NO_WINGWASH,9,0,7009,5,2,1,1,0,13.040760035805937,1,0,2.308,840.2
legsweep,5,FULL,10,0,7010,5,4,0,1,0,0.4238977109090091,0,0,,1646.2
legsweep,5,NO_WINGWASH,10,0,7010,5,4,1,1,0,0.3745620023239667,2,0,7.655;10.428,842.8
legsweep,5,FULL,11,0,7011,5,5,1,0,1,14.260863506539785,3,0,1.447;7.283;10.374,807.0
legsweep,5,NO_WINGWASH,11,0,7011,5,5,1,0,1,14.004178074031419,4,0,0.388;7.093;14.324;24.327,800.2
legsweep,5,FULL,12,0,7012,5,3,1,0,1,15.520400552961373,3,0,1.349;3.756;7.225,758.2
legsweep,5,NO_WINGWASH,12,0,7012,5,3,1,1,0,12.958375117552489,3,0,2.111;7.720;32.129,1387.0
legsweep,5,FULL,13,0,7013,5,2,1,0,1,15.876280183025878,2,0,1.748;7.985,800.1
legsweep,5,NO_WINGWASH,13,0,7013,5,2,1,0,1,17.918942959651663,2,0,2.336;6.159,847.6
legsweep,5,FULL,14,0,7014,5,3,1,1,0,11.825298232601837,2,0,2.518;7.833,761.2
legsweep,5,NO_WINGWASH,14,0,7014,5,3,1,0,1,16.3741371171019,2,0,1.244;6.386,736.7
legsweep,5,FULL,15,0,7015,5,5,0,1,0,3.168074469945441,0,0,,1899.3
legsweep,5,NO_WINGWASH,15,0,7015,5,5,1,1,0,10.991672179180789,4,0,4.021;27.911;1.132;8.586,872.3
legsweep,5,FULL,16,0,7016,5,3,1,0,1,15.812317826463529,3,0,30.044;9.653;9.173,835.0
legsweep,5,NO_WINGWASH,16,0,7016,5,3,0,0,0,16.86321085579096,0,0,,1921.0
legsweep,5,FULL,17,0,7017,5,4,1,1,0,12.905360162898363,3,0,2.914;10.545;19.294,813.2
legsweep,5,NO_WINGWASH,17,0,7017,5,4,1,0,1,13.759401785933674,3,0,3.642;11.549;2.688,840.5
legsweep,5,FULL,18,0,7018,5,2,0,1,0,5.3189193119584965,0,0,,1688.5
legsweep,5,NO_WINGWASH,18,0,7018,5,2,0,1,0,1.1250995557343146,0,0,,1663.8
legsweep,5,FULL,19,0,7019,5,2,1,0,1,14.483484831194009,1,0,18.459,837.9
legsweep,5,NO_WINGWASH,19,0,7019,5,2,1,0,1,15.446331559199669,1,0,4.699,859.2
legsweep,6,FULL,0,0,7000,6,2,1,0,1,14.24187469976049,2,0,1.186;8.580,943.2
legsweep,6,NO_WINGWASH,0,0,7000,6,2,1,1,0,13.14005173269473,2,0,6.769;5.648,1014.1
legsweep,6,FULL,1,0,7001,6,1,0,1,0,0.5605261893303114,0,0,,2239.1
legsweep,6,NO_WINGWASH,1,0,7001,6,1,0,1,0,7.119856856165542,0,0,,2225.4
legsweep,6,FULL,2,0,7002,6,5,0,1,0,2.922184689660161,0,0,,2004.5
legsweep,6,NO_WINGWASH,2,0,7002,6,5,0,1,0,1.935539133607893,0,0,,2023.8
legsweep,6,FULL,3,0,7003,6,6,1,1,0,11.625168292400948,3,1,2.591;4.759;15.289,1021.4
legsweep,6,NO_WINGWASH,3,0,7003,6,6,1,1,0,12.641793182499443,3,0,3.688;10.972;17.181,1627.9
legsweep,6,FULL,4,0,7004,6,3,0,1,0,2.4476958257965187,0,0,,2054.0
legsweep,6,NO_WINGWASH,4,0,7004,6,3,1,0,1,14.935021853568907,3,0,7.814;10.706;7.700,940.8
legsweep,6,FULL,5,0,7005,6,2,1,0,1,14.526871626446228,2,0,4.167;10.283,909.8
legsweep,6,NO_WINGWASH,5,0,7005,6,2,1,1,0,10.257726426559675,2,0,5.075;6.663,946.5
legsweep,6,FULL,6,0,7006,6,3,1,0,1,14.969844119408986,1,0,6.786,916.9
legsweep,6,NO_WINGWASH,6,0,7006,6,3,1,1,0,13.088017421729479,1,0,8.099,965.7
legsweep,6,FULL,7,0,7007,6,5,1,1,0,8.952473165483104,4,0,34.333;4.469;33.727;7.905,1258.5
legsweep,6,NO_WINGWASH,7,0,7007,6,5,1,1,0,11.037689989879976,4,0,33.279;10.529;7.614;16.241,1065.2
legsweep,6,FULL,8,0,7008,6,5,1,1,0,5.184249359303651,2,1,20.993;7.384,1459.1
legsweep,6,NO_WINGWASH,8,0,7008,6,5,1,1,0,12.594304403343354,4,0,26.847;10.965;17.120;6.613,1042.0
legsweep,6,FULL,9,0,7009,6,4,1,1,0,12.76420796160979,3,0,1.380;23.248;1.022,1061.4
legsweep,6,NO_WINGWASH,9,0,7009,6,4,1,1,0,12.476950480963076,3,0,1.597;19.927;12.562,1065.9
legsweep,6,FULL,10,0,7010,6,3,1,1,0,10.644255386808384,1,0,20.890,941.8
legsweep,6,NO_WINGWASH,10,0,7010,6,3,1,1,0,12.075791160476033,1,0,22.155,987.4
legsweep,6,FULL,11,0,7011,6,3,1,0,1,13.421946497855217,3,0,4.018;0.977;6.980,933.3
legsweep,6,NO_WINGWASH,11,0,7011,6,3,1,0,1,13.61075120992222,3,0,9.183;2.772;8.894,923.2
legsweep,6,FULL,12,0,7012,6,3,1,0,1,15.030611703221789,2,0,9.936;21.221,1060.2
legsweep,6,NO_WINGWASH,12,0,7012,6,3,1,0,1,14.974102222569284,1,0,23.652,1393.2
legsweep,6,FULL,13,0,7013,6,3,0,1,0,3.390815874216917,0,0,,1594.9
legsweep,6,NO_WINGWASH,13,0,7013,6,3,0,1,0,4.789578191377323,0,0,,1586.3
legsweep,6,FULL,14,0,7014,6,4,1,0,1,13.37931464015496,2,0,2.960;6.938,895.9
legsweep,6,NO_WINGWASH,14,0,7014,6,4,1,1,0,11.39183432941145,1,0,17.657,937.7
legsweep,6,FULL,15,0,7015,6,1,1,0,1,14.778868671729205,1,0,6.259,945.1
legsweep,6,NO_WINGWASH,15,0,7015,6,1,1,0,1,14.699646284834273,1,0,11.568,949.5
legsweep,6,FULL,16,0,7016,6,3,1,1,0,12.923510233963622,2,0,24.711;11.768,904.4
legsweep,6,NO_WINGWASH,16,0,7016,6,3,1,1,0,11.956566666091968,1,0,28.420,924.5
legsweep,6,FULL,17,0,7017,6,4,1,1,0,10.83452881497499,1,0,3.886,883.0
legsweep,6,NO_WINGWASH,17,0,7017,6,4,1,1,0,13.099633709819148,2,0,20.915;7.818,889.9
legsweep,6,FULL,18,0,7018,6,4,0,1,0,2.8811463640268142,0,0,,1397.8
legsweep,6,NO_WINGWASH,18,0,7018,6,4,0,1,0,2.830538985337532,0,0,,1217.5
legsweep,6,FULL,19,0,7019,6,5,0,1,0,3.204158011560214,0,0,,1178.1
legsweep,6,NO_WINGWASH,19,0,7019,6,5,0,1,0,1.7785209345555264,0,0,,1128.9
